ISO-10303-21;
HEADER;
FILE_DESCRIPTION(('Open CASCADE Model'),'2;1');
FILE_NAME('thermal_mount_45_assembly','2026-07-29T18:33:54',('Author'),(
    'Open CASCADE'),'Open CASCADE STEP processor 7.9','build123d',
  'Unknown');
FILE_SCHEMA(('AUTOMOTIVE_DESIGN { 1 0 10303 214 1 1 1 1 }'));
ENDSEC;
DATA;
#1 = APPLICATION_PROTOCOL_DEFINITION('international standard',
  'automotive_design',2000,#2);
#2 = APPLICATION_CONTEXT(
  'core data for automotive mechanical design processes');
#3 = SHAPE_DEFINITION_REPRESENTATION(#4,#10);
#4 = PRODUCT_DEFINITION_SHAPE('','',#5);
#5 = PRODUCT_DEFINITION('design','',#6,#9);
#6 = PRODUCT_DEFINITION_FORMATION('','',#7);
#7 = PRODUCT('thermal_mount_45_assembly','thermal_mount_45_assembly','',
  (#8));
#8 = PRODUCT_CONTEXT('',#2,'mechanical');
#9 = PRODUCT_DEFINITION_CONTEXT('part definition',#2,'design');
#10 = SHAPE_REPRESENTATION('',(#11,#15,#19),#23);
#11 = AXIS2_PLACEMENT_3D('',#12,#13,#14);
#12 = CARTESIAN_POINT('',(0.,0.,0.));
#13 = DIRECTION('',(0.,0.,1.));
#14 = DIRECTION('',(1.,0.,-0.));
#15 = AXIS2_PLACEMENT_3D('',#16,#17,#18);
#16 = CARTESIAN_POINT('',(0.,0.,0.));
#17 = DIRECTION('',(0.,0.,1.));
#18 = DIRECTION('',(1.,0.,-0.));
#19 = AXIS2_PLACEMENT_3D('',#20,#21,#22);
#20 = CARTESIAN_POINT('',(0.,15.42132034356,8.17867965644));
#21 = DIRECTION('',(0.,0.707106781187,-0.707106781187));
#22 = DIRECTION('',(1.,0.,0.));
#23 = ( GEOMETRIC_REPRESENTATION_CONTEXT(3) 
GLOBAL_UNCERTAINTY_ASSIGNED_CONTEXT((#27)) GLOBAL_UNIT_ASSIGNED_CONTEXT(
(#24,#25,#26)) REPRESENTATION_CONTEXT('Context #1',
  '3D Context with UNIT and UNCERTAINTY') );
#24 = ( LENGTH_UNIT() NAMED_UNIT(*) SI_UNIT(.MILLI.,.METRE.) );
#25 = ( NAMED_UNIT(*) PLANE_ANGLE_UNIT() SI_UNIT($,.RADIAN.) );
#26 = ( NAMED_UNIT(*) SI_UNIT($,.STERADIAN.) SOLID_ANGLE_UNIT() );
#27 = UNCERTAINTY_MEASURE_WITH_UNIT(LENGTH_MEASURE(2.E-07),#24,
  'distance_accuracy_value','confusion accuracy');
#28 = PRODUCT_RELATED_PRODUCT_CATEGORY('part',$,(#7));
#29 = SHAPE_DEFINITION_REPRESENTATION(#30,#36);
#30 = PRODUCT_DEFINITION_SHAPE('','',#31);
#31 = PRODUCT_DEFINITION('design','',#32,#35);
#32 = PRODUCT_DEFINITION_FORMATION('','',#33);
#33 = PRODUCT('mount_45','mount_45','',(#34));
#34 = PRODUCT_CONTEXT('',#2,'mechanical');
#35 = PRODUCT_DEFINITION_CONTEXT('part definition',#2,'design');
#36 = ADVANCED_BREP_SHAPE_REPRESENTATION('',(#11,#37),#2679);
#37 = MANIFOLD_SOLID_BREP('',#38);
#38 = CLOSED_SHELL('',(#39,#159,#235,#556,#655,#830,#857,#990,#1037,
    #1112,#1161,#1229,#1278,#1399,#1446,#1473,#1500,#1652,#1679,#1728,
    #1843,#2122,#2149,#2388,#2395,#2402,#2429,#2456,#2463,#2490,#2517,
    #2544,#2591,#2618,#2645,#2652));
#39 = ADVANCED_FACE('',(#40),#54,.F.);
#40 = FACE_BOUND('',#41,.F.);
#41 = EDGE_LOOP('',(#42,#77,#105,#133));
#42 = ORIENTED_EDGE('',*,*,#43,.F.);
#43 = EDGE_CURVE('',#44,#46,#48,.T.);
#44 = VERTEX_POINT('',#45);
#45 = CARTESIAN_POINT('',(-21.,-28.,-3.));
#46 = VERTEX_POINT('',#47);
#47 = CARTESIAN_POINT('',(-21.,-28.,0.));
#48 = SURFACE_CURVE('',#49,(#53,#65),.PCURVE_S1.);
#49 = LINE('',#50,#51);
#50 = CARTESIAN_POINT('',(-21.,-28.,-3.));
#51 = VECTOR('',#52,1.);
#52 = DIRECTION('',(0.,0.,1.));
#53 = PCURVE('',#54,#59);
#54 = PLANE('',#55);
#55 = AXIS2_PLACEMENT_3D('',#56,#57,#58);
#56 = CARTESIAN_POINT('',(-21.,-28.,-3.));
#57 = DIRECTION('',(1.,0.,-0.));
#58 = DIRECTION('',(0.,0.,1.));
#59 = DEFINITIONAL_REPRESENTATION('',(#60),#64);
#60 = LINE('',#61,#62);
#61 = CARTESIAN_POINT('',(0.,0.));
#62 = VECTOR('',#63,1.);
#63 = DIRECTION('',(1.,0.));
#64 = ( GEOMETRIC_REPRESENTATION_CONTEXT(2) 
PARAMETRIC_REPRESENTATION_CONTEXT() REPRESENTATION_CONTEXT('2D SPACE',''
  ) );
#65 = PCURVE('',#66,#71);
#66 = PLANE('',#67);
#67 = AXIS2_PLACEMENT_3D('',#68,#69,#70);
#68 = CARTESIAN_POINT('',(-21.,-28.,-3.));
#69 = DIRECTION('',(-0.,1.,0.));
#70 = DIRECTION('',(0.,0.,1.));
#71 = DEFINITIONAL_REPRESENTATION('',(#72),#76);
#72 = LINE('',#73,#74);
#73 = CARTESIAN_POINT('',(0.,0.));
#74 = VECTOR('',#75,1.);
#75 = DIRECTION('',(1.,0.));
#76 = ( GEOMETRIC_REPRESENTATION_CONTEXT(2) 
PARAMETRIC_REPRESENTATION_CONTEXT() REPRESENTATION_CONTEXT('2D SPACE',''
  ) );
#77 = ORIENTED_EDGE('',*,*,#78,.T.);
#78 = EDGE_CURVE('',#44,#79,#81,.T.);
#79 = VERTEX_POINT('',#80);
#80 = CARTESIAN_POINT('',(-21.,2.,-3.));
#81 = SURFACE_CURVE('',#82,(#86,#93),.PCURVE_S1.);
#82 = LINE('',#83,#84);
#83 = CARTESIAN_POINT('',(-21.,-28.,-3.));
#84 = VECTOR('',#85,1.);
#85 = DIRECTION('',(-0.,1.,0.));
#86 = PCURVE('',#54,#87);
#87 = DEFINITIONAL_REPRESENTATION('',(#88),#92);
#88 = LINE('',#89,#90);
#89 = CARTESIAN_POINT('',(0.,0.));
#90 = VECTOR('',#91,1.);
#91 = DIRECTION('',(0.,-1.));
#92 = ( GEOMETRIC_REPRESENTATION_CONTEXT(2) 
PARAMETRIC_REPRESENTATION_CONTEXT() REPRESENTATION_CONTEXT('2D SPACE',''
  ) );
#93 = PCURVE('',#94,#99);
#94 = PLANE('',#95);
#95 = AXIS2_PLACEMENT_3D('',#96,#97,#98);
#96 = CARTESIAN_POINT('',(-21.,-28.,-3.));
#97 = DIRECTION('',(0.,0.,1.));
#98 = DIRECTION('',(1.,0.,-0.));
#99 = DEFINITIONAL_REPRESENTATION('',(#100),#104);
#100 = LINE('',#101,#102);
#101 = CARTESIAN_POINT('',(0.,0.));
#102 = VECTOR('',#103,1.);
#103 = DIRECTION('',(0.,1.));
#104 = ( GEOMETRIC_REPRESENTATION_CONTEXT(2) 
PARAMETRIC_REPRESENTATION_CONTEXT() REPRESENTATION_CONTEXT('2D SPACE',''
  ) );
#105 = ORIENTED_EDGE('',*,*,#106,.T.);
#106 = EDGE_CURVE('',#79,#107,#109,.T.);
#107 = VERTEX_POINT('',#108);
#108 = CARTESIAN_POINT('',(-21.,2.,0.));
#109 = SURFACE_CURVE('',#110,(#114,#121),.PCURVE_S1.);
#110 = LINE('',#111,#112);
#111 = CARTESIAN_POINT('',(-21.,2.,-3.));
#112 = VECTOR('',#113,1.);
#113 = DIRECTION('',(0.,0.,1.));
#114 = PCURVE('',#54,#115);
#115 = DEFINITIONAL_REPRESENTATION('',(#116),#120);
#116 = LINE('',#117,#118);
#117 = CARTESIAN_POINT('',(0.,-30.));
#118 = VECTOR('',#119,1.);
#119 = DIRECTION('',(1.,0.));
#120 = ( GEOMETRIC_REPRESENTATION_CONTEXT(2) 
PARAMETRIC_REPRESENTATION_CONTEXT() REPRESENTATION_CONTEXT('2D SPACE',''
  ) );
#121 = PCURVE('',#122,#127);
#122 = PLANE('',#123);
#123 = AXIS2_PLACEMENT_3D('',#124,#125,#126);
#124 = CARTESIAN_POINT('',(-21.,2.,-3.));
#125 = DIRECTION('',(-0.,1.,0.));
#126 = DIRECTION('',(0.,0.,1.));
#127 = DEFINITIONAL_REPRESENTATION('',(#128),#132);
#128 = LINE('',#129,#130);
#129 = CARTESIAN_POINT('',(0.,0.));
#130 = VECTOR('',#131,1.);
#131 = DIRECTION('',(1.,0.));
#132 = ( GEOMETRIC_REPRESENTATION_CONTEXT(2) 
PARAMETRIC_REPRESENTATION_CONTEXT() REPRESENTATION_CONTEXT('2D SPACE',''
  ) );
#133 = ORIENTED_EDGE('',*,*,#134,.F.);
#134 = EDGE_CURVE('',#46,#107,#135,.T.);
#135 = SURFACE_CURVE('',#136,(#140,#147),.PCURVE_S1.);
#136 = LINE('',#137,#138);
#137 = CARTESIAN_POINT('',(-21.,-28.,0.));
#138 = VECTOR('',#139,1.);
#139 = DIRECTION('',(-0.,1.,0.));
#140 = PCURVE('',#54,#141);
#141 = DEFINITIONAL_REPRESENTATION('',(#142),#146);
#142 = LINE('',#143,#144);
#143 = CARTESIAN_POINT('',(3.,0.));
#144 = VECTOR('',#145,1.);
#145 = DIRECTION('',(0.,-1.));
#146 = ( GEOMETRIC_REPRESENTATION_CONTEXT(2) 
PARAMETRIC_REPRESENTATION_CONTEXT() REPRESENTATION_CONTEXT('2D SPACE',''
  ) );
#147 = PCURVE('',#148,#153);
#148 = PLANE('',#149);
#149 = AXIS2_PLACEMENT_3D('',#150,#151,#152);
#150 = CARTESIAN_POINT('',(-21.,-28.,0.));
#151 = DIRECTION('',(0.,0.,1.));
#152 = DIRECTION('',(1.,0.,-0.));
#153 = DEFINITIONAL_REPRESENTATION('',(#154),#158);
#154 = LINE('',#155,#156);
#155 = CARTESIAN_POINT('',(0.,0.));
#156 = VECTOR('',#157,1.);
#157 = DIRECTION('',(0.,1.));
#158 = ( GEOMETRIC_REPRESENTATION_CONTEXT(2) 
PARAMETRIC_REPRESENTATION_CONTEXT() REPRESENTATION_CONTEXT('2D SPACE',''
  ) );
#159 = ADVANCED_FACE('',(#160),#66,.F.);
#160 = FACE_BOUND('',#161,.F.);
#161 = EDGE_LOOP('',(#162,#185,#186,#209));
#162 = ORIENTED_EDGE('',*,*,#163,.F.);
#163 = EDGE_CURVE('',#44,#164,#166,.T.);
#164 = VERTEX_POINT('',#165);
#165 = CARTESIAN_POINT('',(21.,-28.,-3.));
#166 = SURFACE_CURVE('',#167,(#171,#178),.PCURVE_S1.);
#167 = LINE('',#168,#169);
#168 = CARTESIAN_POINT('',(-21.,-28.,-3.));
#169 = VECTOR('',#170,1.);
#170 = DIRECTION('',(1.,0.,-0.));
#171 = PCURVE('',#66,#172);
#172 = DEFINITIONAL_REPRESENTATION('',(#173),#177);
#173 = LINE('',#174,#175);
#174 = CARTESIAN_POINT('',(0.,0.));
#175 = VECTOR('',#176,1.);
#176 = DIRECTION('',(0.,1.));
#177 = ( GEOMETRIC_REPRESENTATION_CONTEXT(2) 
PARAMETRIC_REPRESENTATION_CONTEXT() REPRESENTATION_CONTEXT('2D SPACE',''
  ) );
#178 = PCURVE('',#94,#179);
#179 = DEFINITIONAL_REPRESENTATION('',(#180),#184);
#180 = LINE('',#181,#182);
#181 = CARTESIAN_POINT('',(0.,0.));
#182 = VECTOR('',#183,1.);
#183 = DIRECTION('',(1.,0.));
#184 = ( GEOMETRIC_REPRESENTATION_CONTEXT(2) 
PARAMETRIC_REPRESENTATION_CONTEXT() REPRESENTATION_CONTEXT('2D SPACE',''
  ) );
#185 = ORIENTED_EDGE('',*,*,#43,.T.);
#186 = ORIENTED_EDGE('',*,*,#187,.T.);
#187 = EDGE_CURVE('',#46,#188,#190,.T.);
#188 = VERTEX_POINT('',#189);
#189 = CARTESIAN_POINT('',(21.,-28.,0.));
#190 = SURFACE_CURVE('',#191,(#195,#202),.PCURVE_S1.);
#191 = LINE('',#192,#193);
#192 = CARTESIAN_POINT('',(-21.,-28.,0.));
#193 = VECTOR('',#194,1.);
#194 = DIRECTION('',(1.,0.,-0.));
#195 = PCURVE('',#66,#196);
#196 = DEFINITIONAL_REPRESENTATION('',(#197),#201);
#197 = LINE('',#198,#199);
#198 = CARTESIAN_POINT('',(3.,0.));
#199 = VECTOR('',#200,1.);
#200 = DIRECTION('',(0.,1.));
#201 = ( GEOMETRIC_REPRESENTATION_CONTEXT(2) 
PARAMETRIC_REPRESENTATION_CONTEXT() REPRESENTATION_CONTEXT('2D SPACE',''
  ) );
#202 = PCURVE('',#148,#203);
#203 = DEFINITIONAL_REPRESENTATION('',(#204),#208);
#204 = LINE('',#205,#206);
#205 = CARTESIAN_POINT('',(0.,0.));
#206 = VECTOR('',#207,1.);
#207 = DIRECTION('',(1.,0.));
#208 = ( GEOMETRIC_REPRESENTATION_CONTEXT(2) 
PARAMETRIC_REPRESENTATION_CONTEXT() REPRESENTATION_CONTEXT('2D SPACE',''
  ) );
#209 = ORIENTED_EDGE('',*,*,#210,.F.);
#210 = EDGE_CURVE('',#164,#188,#211,.T.);
#211 = SURFACE_CURVE('',#212,(#216,#223),.PCURVE_S1.);
#212 = LINE('',#213,#214);
#213 = CARTESIAN_POINT('',(21.,-28.,-3.));
#214 = VECTOR('',#215,1.);
#215 = DIRECTION('',(0.,0.,1.));
#216 = PCURVE('',#66,#217);
#217 = DEFINITIONAL_REPRESENTATION('',(#218),#222);
#218 = LINE('',#219,#220);
#219 = CARTESIAN_POINT('',(0.,42.));
#220 = VECTOR('',#221,1.);
#221 = DIRECTION('',(1.,0.));
#222 = ( GEOMETRIC_REPRESENTATION_CONTEXT(2) 
PARAMETRIC_REPRESENTATION_CONTEXT() REPRESENTATION_CONTEXT('2D SPACE',''
  ) );
#223 = PCURVE('',#224,#229);
#224 = PLANE('',#225);
#225 = AXIS2_PLACEMENT_3D('',#226,#227,#228);
#226 = CARTESIAN_POINT('',(21.,-28.,-3.));
#227 = DIRECTION('',(1.,0.,-0.));
#228 = DIRECTION('',(0.,0.,1.));
#229 = DEFINITIONAL_REPRESENTATION('',(#230),#234);
#230 = LINE('',#231,#232);
#231 = CARTESIAN_POINT('',(0.,0.));
#232 = VECTOR('',#233,1.);
#233 = DIRECTION('',(1.,0.));
#234 = ( GEOMETRIC_REPRESENTATION_CONTEXT(2) 
PARAMETRIC_REPRESENTATION_CONTEXT() REPRESENTATION_CONTEXT('2D SPACE',''
  ) );
#235 = ADVANCED_FACE('',(#236,#494,#525),#148,.T.);
#236 = FACE_BOUND('',#237,.T.);
#237 = EDGE_LOOP('',(#238,#261,#262,#263,#286,#314,#340,#366,#392,#418,
    #444,#470));
#238 = ORIENTED_EDGE('',*,*,#239,.F.);
#239 = EDGE_CURVE('',#107,#240,#242,.T.);
#240 = VERTEX_POINT('',#241);
#241 = CARTESIAN_POINT('',(-16.,2.,0.));
#242 = SURFACE_CURVE('',#243,(#247,#254),.PCURVE_S1.);
#243 = LINE('',#244,#245);
#244 = CARTESIAN_POINT('',(-21.,2.,0.));
#245 = VECTOR('',#246,1.);
#246 = DIRECTION('',(1.,0.,-0.));
#247 = PCURVE('',#148,#248);
#248 = DEFINITIONAL_REPRESENTATION('',(#249),#253);
#249 = LINE('',#250,#251);
#250 = CARTESIAN_POINT('',(0.,30.));
#251 = VECTOR('',#252,1.);
#252 = DIRECTION('',(1.,0.));
#253 = ( GEOMETRIC_REPRESENTATION_CONTEXT(2) 
PARAMETRIC_REPRESENTATION_CONTEXT() REPRESENTATION_CONTEXT('2D SPACE',''
  ) );
#254 = PCURVE('',#122,#255);
#255 = DEFINITIONAL_REPRESENTATION('',(#256),#260);
#256 = LINE('',#257,#258);
#257 = CARTESIAN_POINT('',(3.,0.));
#258 = VECTOR('',#259,1.);
#259 = DIRECTION('',(0.,1.));
#260 = ( GEOMETRIC_REPRESENTATION_CONTEXT(2) 
PARAMETRIC_REPRESENTATION_CONTEXT() REPRESENTATION_CONTEXT('2D SPACE',''
  ) );
#261 = ORIENTED_EDGE('',*,*,#134,.F.);
#262 = ORIENTED_EDGE('',*,*,#187,.T.);
#263 = ORIENTED_EDGE('',*,*,#264,.T.);
#264 = EDGE_CURVE('',#188,#265,#267,.T.);
#265 = VERTEX_POINT('',#266);
#266 = CARTESIAN_POINT('',(21.,2.,0.));
#267 = SURFACE_CURVE('',#268,(#272,#279),.PCURVE_S1.);
#268 = LINE('',#269,#270);
#269 = CARTESIAN_POINT('',(21.,-28.,0.));
#270 = VECTOR('',#271,1.);
#271 = DIRECTION('',(-0.,1.,0.));
#272 = PCURVE('',#148,#273);
#273 = DEFINITIONAL_REPRESENTATION('',(#274),#278);
#274 = LINE('',#275,#276);
#275 = CARTESIAN_POINT('',(42.,0.));
#276 = VECTOR('',#277,1.);
#277 = DIRECTION('',(0.,1.));
#278 = ( GEOMETRIC_REPRESENTATION_CONTEXT(2) 
PARAMETRIC_REPRESENTATION_CONTEXT() REPRESENTATION_CONTEXT('2D SPACE',''
  ) );
#279 = PCURVE('',#224,#280);
#280 = DEFINITIONAL_REPRESENTATION('',(#281),#285);
#281 = LINE('',#282,#283);
#282 = CARTESIAN_POINT('',(3.,0.));
#283 = VECTOR('',#284,1.);
#284 = DIRECTION('',(0.,-1.));
#285 = ( GEOMETRIC_REPRESENTATION_CONTEXT(2) 
PARAMETRIC_REPRESENTATION_CONTEXT() REPRESENTATION_CONTEXT('2D SPACE',''
  ) );
#286 = ORIENTED_EDGE('',*,*,#287,.F.);
#287 = EDGE_CURVE('',#288,#265,#290,.T.);
#288 = VERTEX_POINT('',#289);
#289 = CARTESIAN_POINT('',(16.,2.,0.));
#290 = SURFACE_CURVE('',#291,(#295,#302),.PCURVE_S1.);
#291 = LINE('',#292,#293);
#292 = CARTESIAN_POINT('',(-21.,2.,0.));
#293 = VECTOR('',#294,1.);
#294 = DIRECTION('',(1.,0.,-0.));
#295 = PCURVE('',#148,#296);
#296 = DEFINITIONAL_REPRESENTATION('',(#297),#301);
#297 = LINE('',#298,#299);
#298 = CARTESIAN_POINT('',(0.,30.));
#299 = VECTOR('',#300,1.);
#300 = DIRECTION('',(1.,0.));
#301 = ( GEOMETRIC_REPRESENTATION_CONTEXT(2) 
PARAMETRIC_REPRESENTATION_CONTEXT() REPRESENTATION_CONTEXT('2D SPACE',''
  ) );
#302 = PCURVE('',#303,#308);
#303 = PLANE('',#304);
#304 = AXIS2_PLACEMENT_3D('',#305,#306,#307);
#305 = CARTESIAN_POINT('',(-21.,2.,-3.));
#306 = DIRECTION('',(-0.,1.,0.));
#307 = DIRECTION('',(0.,0.,1.));
#308 = DEFINITIONAL_REPRESENTATION('',(#309),#313);
#309 = LINE('',#310,#311);
#310 = CARTESIAN_POINT('',(3.,0.));
#311 = VECTOR('',#312,1.);
#312 = DIRECTION('',(0.,1.));
#313 = ( GEOMETRIC_REPRESENTATION_CONTEXT(2) 
PARAMETRIC_REPRESENTATION_CONTEXT() REPRESENTATION_CONTEXT('2D SPACE',''
  ) );
#314 = ORIENTED_EDGE('',*,*,#315,.F.);
#315 = EDGE_CURVE('',#316,#288,#318,.T.);
#316 = VERTEX_POINT('',#317);
#317 = CARTESIAN_POINT('',(16.,0.97258300203,0.));
#318 = SURFACE_CURVE('',#319,(#323,#329),.PCURVE_S1.);
#319 = LINE('',#320,#321);
#320 = CARTESIAN_POINT('',(16.,-12.4765241636,0.));
#321 = VECTOR('',#322,1.);
#322 = DIRECTION('',(0.,1.,0.));
#323 = PCURVE('',#148,#324);
#324 = DEFINITIONAL_REPRESENTATION('',(#325),#328);
#325 = B_SPLINE_CURVE_WITH_KNOTS('',1,(#326,#327),.UNSPECIFIED.,.F.,.F.,
  (2,2),(13.449107165633,14.476524163602),.PIECEWISE_BEZIER_KNOTS.);
#326 = CARTESIAN_POINT('',(37.,28.97258300203));
#327 = CARTESIAN_POINT('',(37.,30.));
#328 = ( GEOMETRIC_REPRESENTATION_CONTEXT(2) 
PARAMETRIC_REPRESENTATION_CONTEXT() REPRESENTATION_CONTEXT('2D SPACE',''
  ) );
#329 = PCURVE('',#330,#335);
#330 = PLANE('',#331);
#331 = AXIS2_PLACEMENT_3D('',#332,#333,#334);
#332 = CARTESIAN_POINT('',(16.,3.046951672795,-2.074368670765));
#333 = DIRECTION('',(1.,0.,0.));
#334 = DIRECTION('',(0.,-0.707106781187,0.707106781187));
#335 = DEFINITIONAL_REPRESENTATION('',(#336),#339);
#336 = B_SPLINE_CURVE_WITH_KNOTS('',1,(#337,#338),.UNSPECIFIED.,.F.,.F.,
  (2,2),(13.449107165633,14.476524163602),.PIECEWISE_BEZIER_KNOTS.);
#337 = CARTESIAN_POINT('',(2.933600307557,0.));
#338 = CARTESIAN_POINT('',(2.207106781187,-0.726493526371));
#339 = ( GEOMETRIC_REPRESENTATION_CONTEXT(2) 
PARAMETRIC_REPRESENTATION_CONTEXT() REPRESENTATION_CONTEXT('2D SPACE',''
  ) );
#340 = ORIENTED_EDGE('',*,*,#341,.T.);
#341 = EDGE_CURVE('',#316,#342,#344,.T.);
#342 = VERTEX_POINT('',#343);
#343 = CARTESIAN_POINT('',(11.55,0.97258300203,0.));
#344 = SURFACE_CURVE('',#345,(#349,#355),.PCURVE_S1.);
#345 = LINE('',#346,#347);
#346 = CARTESIAN_POINT('',(-18.5,0.97258300203,0.));
#347 = VECTOR('',#348,1.);
#348 = DIRECTION('',(-1.,0.,0.));
#349 = PCURVE('',#148,#350);
#350 = DEFINITIONAL_REPRESENTATION('',(#351),#354);
#351 = B_SPLINE_CURVE_WITH_KNOTS('',1,(#352,#353),.UNSPECIFIED.,.F.,.F.,
  (2,2),(-34.5,-2.5),.PIECEWISE_BEZIER_KNOTS.);
#352 = CARTESIAN_POINT('',(37.,28.97258300203));
#353 = CARTESIAN_POINT('',(5.,28.97258300203));
#354 = ( GEOMETRIC_REPRESENTATION_CONTEXT(2) 
PARAMETRIC_REPRESENTATION_CONTEXT() REPRESENTATION_CONTEXT('2D SPACE',''
  ) );
#355 = PCURVE('',#356,#361);
#356 = PLANE('',#357);
#357 = AXIS2_PLACEMENT_3D('',#358,#359,#360);
#358 = CARTESIAN_POINT('',(-16.,3.046951672795,-2.074368670765));
#359 = DIRECTION('',(0.,0.707106781187,0.707106781187));
#360 = DIRECTION('',(0.,-0.707106781187,0.707106781187));
#361 = DEFINITIONAL_REPRESENTATION('',(#362),#365);
#362 = B_SPLINE_CURVE_WITH_KNOTS('',1,(#363,#364),.UNSPECIFIED.,.F.,.F.,
  (2,2),(-34.5,-2.5),.PIECEWISE_BEZIER_KNOTS.);
#363 = CARTESIAN_POINT('',(2.933600307557,32.));
#364 = CARTESIAN_POINT('',(2.933600307557,0.));
#365 = ( GEOMETRIC_REPRESENTATION_CONTEXT(2) 
PARAMETRIC_REPRESENTATION_CONTEXT() REPRESENTATION_CONTEXT('2D SPACE',''
  ) );
#366 = ORIENTED_EDGE('',*,*,#367,.F.);
#367 = EDGE_CURVE('',#368,#342,#370,.T.);
#368 = VERTEX_POINT('',#369);
#369 = CARTESIAN_POINT('',(11.55,-2.,0.));
#370 = SURFACE_CURVE('',#371,(#375,#381),.PCURVE_S1.);
#371 = LINE('',#372,#373);
#372 = CARTESIAN_POINT('',(11.55,-15.,0.));
#373 = VECTOR('',#374,1.);
#374 = DIRECTION('',(-0.,1.,0.));
#375 = PCURVE('',#148,#376);
#376 = DEFINITIONAL_REPRESENTATION('',(#377),#380);
#377 = B_SPLINE_CURVE_WITH_KNOTS('',1,(#378,#379),.UNSPECIFIED.,.F.,.F.,
  (2,2),(13.,17.),.PIECEWISE_BEZIER_KNOTS.);
#378 = CARTESIAN_POINT('',(32.55,26.));
#379 = CARTESIAN_POINT('',(32.55,30.));
#380 = ( GEOMETRIC_REPRESENTATION_CONTEXT(2) 
PARAMETRIC_REPRESENTATION_CONTEXT() REPRESENTATION_CONTEXT('2D SPACE',''
  ) );
#381 = PCURVE('',#382,#387);
#382 = PLANE('',#383);
#383 = AXIS2_PLACEMENT_3D('',#384,#385,#386);
#384 = CARTESIAN_POINT('',(11.55,-2.,-15.));
#385 = DIRECTION('',(1.,0.,-0.));
#386 = DIRECTION('',(0.,0.,1.));
#387 = DEFINITIONAL_REPRESENTATION('',(#388),#391);
#388 = B_SPLINE_CURVE_WITH_KNOTS('',1,(#389,#390),.UNSPECIFIED.,.F.,.F.,
  (2,2),(13.,17.),.PIECEWISE_BEZIER_KNOTS.);
#389 = CARTESIAN_POINT('',(15.,0.));
#390 = CARTESIAN_POINT('',(15.,-4.));
#391 = ( GEOMETRIC_REPRESENTATION_CONTEXT(2) 
PARAMETRIC_REPRESENTATION_CONTEXT() REPRESENTATION_CONTEXT('2D SPACE',''
  ) );
#392 = ORIENTED_EDGE('',*,*,#393,.T.);
#393 = EDGE_CURVE('',#368,#394,#396,.T.);
#394 = VERTEX_POINT('',#395);
#395 = CARTESIAN_POINT('',(-11.55,-2.,0.));
#396 = SURFACE_CURVE('',#397,(#401,#407),.PCURVE_S1.);
#397 = LINE('',#398,#399);
#398 = CARTESIAN_POINT('',(-16.275,-2.,0.));
#399 = VECTOR('',#400,1.);
#400 = DIRECTION('',(-1.,-0.,0.));
#401 = PCURVE('',#148,#402);
#402 = DEFINITIONAL_REPRESENTATION('',(#403),#406);
#403 = B_SPLINE_CURVE_WITH_KNOTS('',1,(#404,#405),.UNSPECIFIED.,.F.,.F.,
  (2,2),(-27.825,-4.725),.PIECEWISE_BEZIER_KNOTS.);
#404 = CARTESIAN_POINT('',(32.55,26.));
#405 = CARTESIAN_POINT('',(9.45,26.));
#406 = ( GEOMETRIC_REPRESENTATION_CONTEXT(2) 
PARAMETRIC_REPRESENTATION_CONTEXT() REPRESENTATION_CONTEXT('2D SPACE',''
  ) );
#407 = PCURVE('',#408,#413);
#408 = PLANE('',#409);
#409 = AXIS2_PLACEMENT_3D('',#410,#411,#412);
#410 = CARTESIAN_POINT('',(-11.55,-2.,-15.));
#411 = DIRECTION('',(-0.,1.,0.));
#412 = DIRECTION('',(0.,0.,1.));
#413 = DEFINITIONAL_REPRESENTATION('',(#414),#417);
#414 = B_SPLINE_CURVE_WITH_KNOTS('',1,(#415,#416),.UNSPECIFIED.,.F.,.F.,
  (2,2),(-27.825,-4.725),.PIECEWISE_BEZIER_KNOTS.);
#415 = CARTESIAN_POINT('',(15.,23.1));
#416 = CARTESIAN_POINT('',(15.,0.));
#417 = ( GEOMETRIC_REPRESENTATION_CONTEXT(2) 
PARAMETRIC_REPRESENTATION_CONTEXT() REPRESENTATION_CONTEXT('2D SPACE',''
  ) );
#418 = ORIENTED_EDGE('',*,*,#419,.T.);
#419 = EDGE_CURVE('',#394,#420,#422,.T.);
#420 = VERTEX_POINT('',#421);
#421 = CARTESIAN_POINT('',(-11.55,0.97258300203,0.));
#422 = SURFACE_CURVE('',#423,(#427,#433),.PCURVE_S1.);
#423 = LINE('',#424,#425);
#424 = CARTESIAN_POINT('',(-11.55,-15.,0.));
#425 = VECTOR('',#426,1.);
#426 = DIRECTION('',(-0.,1.,0.));
#427 = PCURVE('',#148,#428);
#428 = DEFINITIONAL_REPRESENTATION('',(#429),#432);
#429 = B_SPLINE_CURVE_WITH_KNOTS('',1,(#430,#431),.UNSPECIFIED.,.F.,.F.,
  (2,2),(13.,17.),.PIECEWISE_BEZIER_KNOTS.);
#430 = CARTESIAN_POINT('',(9.45,26.));
#431 = CARTESIAN_POINT('',(9.45,30.));
#432 = ( GEOMETRIC_REPRESENTATION_CONTEXT(2) 
PARAMETRIC_REPRESENTATION_CONTEXT() REPRESENTATION_CONTEXT('2D SPACE',''
  ) );
#433 = PCURVE('',#434,#439);
#434 = PLANE('',#435);
#435 = AXIS2_PLACEMENT_3D('',#436,#437,#438);
#436 = CARTESIAN_POINT('',(-11.55,-2.,-15.));
#437 = DIRECTION('',(1.,0.,-0.));
#438 = DIRECTION('',(0.,0.,1.));
#439 = DEFINITIONAL_REPRESENTATION('',(#440),#443);
#440 = B_SPLINE_CURVE_WITH_KNOTS('',1,(#441,#442),.UNSPECIFIED.,.F.,.F.,
  (2,2),(13.,17.),.PIECEWISE_BEZIER_KNOTS.);
#441 = CARTESIAN_POINT('',(15.,0.));
#442 = CARTESIAN_POINT('',(15.,-4.));
#443 = ( GEOMETRIC_REPRESENTATION_CONTEXT(2) 
PARAMETRIC_REPRESENTATION_CONTEXT() REPRESENTATION_CONTEXT('2D SPACE',''
  ) );
#444 = ORIENTED_EDGE('',*,*,#445,.T.);
#445 = EDGE_CURVE('',#420,#446,#448,.T.);
#446 = VERTEX_POINT('',#447);
#447 = CARTESIAN_POINT('',(-16.,0.97258300203,0.));
#448 = SURFACE_CURVE('',#449,(#453,#459),.PCURVE_S1.);
#449 = LINE('',#450,#451);
#450 = CARTESIAN_POINT('',(-18.5,0.97258300203,0.));
#451 = VECTOR('',#452,1.);
#452 = DIRECTION('',(-1.,0.,0.));
#453 = PCURVE('',#148,#454);
#454 = DEFINITIONAL_REPRESENTATION('',(#455),#458);
#455 = B_SPLINE_CURVE_WITH_KNOTS('',1,(#456,#457),.UNSPECIFIED.,.F.,.F.,
  (2,2),(-34.5,-2.5),.PIECEWISE_BEZIER_KNOTS.);
#456 = CARTESIAN_POINT('',(37.,28.97258300203));
#457 = CARTESIAN_POINT('',(5.,28.97258300203));
#458 = ( GEOMETRIC_REPRESENTATION_CONTEXT(2) 
PARAMETRIC_REPRESENTATION_CONTEXT() REPRESENTATION_CONTEXT('2D SPACE',''
  ) );
#459 = PCURVE('',#460,#465);
#460 = PLANE('',#461);
#461 = AXIS2_PLACEMENT_3D('',#462,#463,#464);
#462 = CARTESIAN_POINT('',(-16.,3.046951672795,-2.074368670765));
#463 = DIRECTION('',(0.,0.707106781187,0.707106781187));
#464 = DIRECTION('',(0.,-0.707106781187,0.707106781187));
#465 = DEFINITIONAL_REPRESENTATION('',(#466),#469);
#466 = B_SPLINE_CURVE_WITH_KNOTS('',1,(#467,#468),.UNSPECIFIED.,.F.,.F.,
  (2,2),(-34.5,-2.5),.PIECEWISE_BEZIER_KNOTS.);
#467 = CARTESIAN_POINT('',(2.933600307557,32.));
#468 = CARTESIAN_POINT('',(2.933600307557,0.));
#469 = ( GEOMETRIC_REPRESENTATION_CONTEXT(2) 
PARAMETRIC_REPRESENTATION_CONTEXT() REPRESENTATION_CONTEXT('2D SPACE',''
  ) );
#470 = ORIENTED_EDGE('',*,*,#471,.T.);
#471 = EDGE_CURVE('',#446,#240,#472,.T.);
#472 = SURFACE_CURVE('',#473,(#477,#483),.PCURVE_S1.);
#473 = LINE('',#474,#475);
#474 = CARTESIAN_POINT('',(-16.,-12.4765241636,0.));
#475 = VECTOR('',#476,1.);
#476 = DIRECTION('',(0.,1.,0.));
#477 = PCURVE('',#148,#478);
#478 = DEFINITIONAL_REPRESENTATION('',(#479),#482);
#479 = B_SPLINE_CURVE_WITH_KNOTS('',1,(#480,#481),.UNSPECIFIED.,.F.,.F.,
  (2,2),(13.449107165633,14.476524163602),.PIECEWISE_BEZIER_KNOTS.);
#480 = CARTESIAN_POINT('',(5.,28.97258300203));
#481 = CARTESIAN_POINT('',(5.,30.));
#482 = ( GEOMETRIC_REPRESENTATION_CONTEXT(2) 
PARAMETRIC_REPRESENTATION_CONTEXT() REPRESENTATION_CONTEXT('2D SPACE',''
  ) );
#483 = PCURVE('',#484,#489);
#484 = PLANE('',#485);
#485 = AXIS2_PLACEMENT_3D('',#486,#487,#488);
#486 = CARTESIAN_POINT('',(-16.,3.046951672795,-2.074368670765));
#487 = DIRECTION('',(1.,0.,0.));
#488 = DIRECTION('',(0.,-0.707106781187,0.707106781187));
#489 = DEFINITIONAL_REPRESENTATION('',(#490),#493);
#490 = B_SPLINE_CURVE_WITH_KNOTS('',1,(#491,#492),.UNSPECIFIED.,.F.,.F.,
  (2,2),(13.449107165633,14.476524163602),.PIECEWISE_BEZIER_KNOTS.);
#491 = CARTESIAN_POINT('',(2.933600307557,0.));
#492 = CARTESIAN_POINT('',(2.207106781187,-0.726493526371));
#493 = ( GEOMETRIC_REPRESENTATION_CONTEXT(2) 
PARAMETRIC_REPRESENTATION_CONTEXT() REPRESENTATION_CONTEXT('2D SPACE',''
  ) );
#494 = FACE_BOUND('',#495,.T.);
#495 = EDGE_LOOP('',(#496));
#496 = ORIENTED_EDGE('',*,*,#497,.F.);
#497 = EDGE_CURVE('',#498,#498,#500,.T.);
#498 = VERTEX_POINT('',#499);
#499 = CARTESIAN_POINT('',(-13.65,-13.,0.));
#500 = SURFACE_CURVE('',#501,(#506,#513),.PCURVE_S1.);
#501 = CIRCLE('',#502,1.6);
#502 = AXIS2_PLACEMENT_3D('',#503,#504,#505);
#503 = CARTESIAN_POINT('',(-15.25,-13.,0.));
#504 = DIRECTION('',(0.,0.,1.));
#505 = DIRECTION('',(1.,0.,-0.));
#506 = PCURVE('',#148,#507);
#507 = DEFINITIONAL_REPRESENTATION('',(#508),#512);
#508 = CIRCLE('',#509,1.6);
#509 = AXIS2_PLACEMENT_2D('',#510,#511);
#510 = CARTESIAN_POINT('',(5.75,15.));
#511 = DIRECTION('',(1.,0.));
#512 = ( GEOMETRIC_REPRESENTATION_CONTEXT(2) 
PARAMETRIC_REPRESENTATION_CONTEXT() REPRESENTATION_CONTEXT('2D SPACE',''
  ) );
#513 = PCURVE('',#514,#519);
#514 = CYLINDRICAL_SURFACE('',#515,1.6);
#515 = AXIS2_PLACEMENT_3D('',#516,#517,#518);
#516 = CARTESIAN_POINT('',(-15.25,-13.,-7.5));
#517 = DIRECTION('',(0.,0.,1.));
#518 = DIRECTION('',(1.,0.,-0.));
#519 = DEFINITIONAL_REPRESENTATION('',(#520),#524);
#520 = LINE('',#521,#522);
#521 = CARTESIAN_POINT('',(0.,7.5));
#522 = VECTOR('',#523,1.);
#523 = DIRECTION('',(1.,0.));
#524 = ( GEOMETRIC_REPRESENTATION_CONTEXT(2) 
PARAMETRIC_REPRESENTATION_CONTEXT() REPRESENTATION_CONTEXT('2D SPACE',''
  ) );
#525 = FACE_BOUND('',#526,.T.);
#526 = EDGE_LOOP('',(#527));
#527 = ORIENTED_EDGE('',*,*,#528,.F.);
#528 = EDGE_CURVE('',#529,#529,#531,.T.);
#529 = VERTEX_POINT('',#530);
#530 = CARTESIAN_POINT('',(16.85,-13.,0.));
#531 = SURFACE_CURVE('',#532,(#537,#544),.PCURVE_S1.);
#532 = CIRCLE('',#533,1.6);
#533 = AXIS2_PLACEMENT_3D('',#534,#535,#536);
#534 = CARTESIAN_POINT('',(15.25,-13.,0.));
#535 = DIRECTION('',(0.,0.,1.));
#536 = DIRECTION('',(1.,0.,-0.));
#537 = PCURVE('',#148,#538);
#538 = DEFINITIONAL_REPRESENTATION('',(#539),#543);
#539 = CIRCLE('',#540,1.6);
#540 = AXIS2_PLACEMENT_2D('',#541,#542);
#541 = CARTESIAN_POINT('',(36.25,15.));
#542 = DIRECTION('',(1.,0.));
#543 = ( GEOMETRIC_REPRESENTATION_CONTEXT(2) 
PARAMETRIC_REPRESENTATION_CONTEXT() REPRESENTATION_CONTEXT('2D SPACE',''
  ) );
#544 = PCURVE('',#545,#550);
#545 = CYLINDRICAL_SURFACE('',#546,1.6);
#546 = AXIS2_PLACEMENT_3D('',#547,#548,#549);
#547 = CARTESIAN_POINT('',(15.25,-13.,-7.5));
#548 = DIRECTION('',(0.,0.,1.));
#549 = DIRECTION('',(1.,0.,-0.));
#550 = DEFINITIONAL_REPRESENTATION('',(#551),#555);
#551 = LINE('',#552,#553);
#552 = CARTESIAN_POINT('',(0.,7.5));
#553 = VECTOR('',#554,1.);
#554 = DIRECTION('',(1.,0.));
#555 = ( GEOMETRIC_REPRESENTATION_CONTEXT(2) 
PARAMETRIC_REPRESENTATION_CONTEXT() REPRESENTATION_CONTEXT('2D SPACE',''
  ) );
#556 = ADVANCED_FACE('',(#557),#122,.T.);
#557 = FACE_BOUND('',#558,.T.);
#558 = EDGE_LOOP('',(#559,#582,#583,#584,#605,#631));
#559 = ORIENTED_EDGE('',*,*,#560,.F.);
#560 = EDGE_CURVE('',#79,#561,#563,.T.);
#561 = VERTEX_POINT('',#562);
#562 = CARTESIAN_POINT('',(-11.55,2.,-3.));
#563 = SURFACE_CURVE('',#564,(#568,#575),.PCURVE_S1.);
#564 = LINE('',#565,#566);
#565 = CARTESIAN_POINT('',(-21.,2.,-3.));
#566 = VECTOR('',#567,1.);
#567 = DIRECTION('',(1.,0.,-0.));
#568 = PCURVE('',#122,#569);
#569 = DEFINITIONAL_REPRESENTATION('',(#570),#574);
#570 = LINE('',#571,#572);
#571 = CARTESIAN_POINT('',(0.,0.));
#572 = VECTOR('',#573,1.);
#573 = DIRECTION('',(0.,1.));
#574 = ( GEOMETRIC_REPRESENTATION_CONTEXT(2) 
PARAMETRIC_REPRESENTATION_CONTEXT() REPRESENTATION_CONTEXT('2D SPACE',''
  ) );
#575 = PCURVE('',#94,#576);
#576 = DEFINITIONAL_REPRESENTATION('',(#577),#581);
#577 = LINE('',#578,#579);
#578 = CARTESIAN_POINT('',(0.,30.));
#579 = VECTOR('',#580,1.);
#580 = DIRECTION('',(1.,0.));
#581 = ( GEOMETRIC_REPRESENTATION_CONTEXT(2) 
PARAMETRIC_REPRESENTATION_CONTEXT() REPRESENTATION_CONTEXT('2D SPACE',''
  ) );
#582 = ORIENTED_EDGE('',*,*,#106,.T.);
#583 = ORIENTED_EDGE('',*,*,#239,.T.);
#584 = ORIENTED_EDGE('',*,*,#585,.T.);
#585 = EDGE_CURVE('',#240,#586,#588,.T.);
#586 = VERTEX_POINT('',#587);
#587 = CARTESIAN_POINT('',(-16.,2.,-1.02741699797));
#588 = SURFACE_CURVE('',#589,(#593,#599),.PCURVE_S1.);
#589 = LINE('',#590,#591);
#590 = CARTESIAN_POINT('',(-16.,2.,-2.537184335382));
#591 = VECTOR('',#592,1.);
#592 = DIRECTION('',(0.,0.,-1.));
#593 = PCURVE('',#122,#594);
#594 = DEFINITIONAL_REPRESENTATION('',(#595),#598);
#595 = B_SPLINE_CURVE_WITH_KNOTS('',1,(#596,#597),.UNSPECIFIED.,.F.,.F.,
  (2,2),(-2.537184335382,-1.509767337413),.PIECEWISE_BEZIER_KNOTS.);
#596 = CARTESIAN_POINT('',(3.,5.));
#597 = CARTESIAN_POINT('',(1.97258300203,5.));
#598 = ( GEOMETRIC_REPRESENTATION_CONTEXT(2) 
PARAMETRIC_REPRESENTATION_CONTEXT() REPRESENTATION_CONTEXT('2D SPACE',''
  ) );
#599 = PCURVE('',#484,#600);
#600 = DEFINITIONAL_REPRESENTATION('',(#601),#604);
#601 = B_SPLINE_CURVE_WITH_KNOTS('',1,(#602,#603),.UNSPECIFIED.,.F.,.F.,
  (2,2),(-2.537184335382,-1.509767337413),.PIECEWISE_BEZIER_KNOTS.);
#602 = CARTESIAN_POINT('',(2.207106781187,-0.726493526371));
#603 = CARTESIAN_POINT('',(1.480613254816,0.));
#604 = ( GEOMETRIC_REPRESENTATION_CONTEXT(2) 
PARAMETRIC_REPRESENTATION_CONTEXT() REPRESENTATION_CONTEXT('2D SPACE',''
  ) );
#605 = ORIENTED_EDGE('',*,*,#606,.T.);
#606 = EDGE_CURVE('',#586,#607,#609,.T.);
#607 = VERTEX_POINT('',#608);
#608 = CARTESIAN_POINT('',(-11.55,2.,-1.02741699797));
#609 = SURFACE_CURVE('',#610,(#614,#620),.PCURVE_S1.);
#610 = LINE('',#611,#612);
#611 = CARTESIAN_POINT('',(-18.5,2.,-1.02741699797));
#612 = VECTOR('',#613,1.);
#613 = DIRECTION('',(1.,0.,-0.));
#614 = PCURVE('',#122,#615);
#615 = DEFINITIONAL_REPRESENTATION('',(#616),#619);
#616 = B_SPLINE_CURVE_WITH_KNOTS('',1,(#617,#618),.UNSPECIFIED.,.F.,.F.,
  (2,2),(2.5,6.95),.PIECEWISE_BEZIER_KNOTS.);
#617 = CARTESIAN_POINT('',(1.97258300203,5.));
#618 = CARTESIAN_POINT('',(1.97258300203,9.45));
#619 = ( GEOMETRIC_REPRESENTATION_CONTEXT(2) 
PARAMETRIC_REPRESENTATION_CONTEXT() REPRESENTATION_CONTEXT('2D SPACE',''
  ) );
#620 = PCURVE('',#621,#626);
#621 = PLANE('',#622);
#622 = AXIS2_PLACEMENT_3D('',#623,#624,#625);
#623 = CARTESIAN_POINT('',(-16.,3.046951672795,-2.074368670765));
#624 = DIRECTION('',(0.,0.707106781187,0.707106781187));
#625 = DIRECTION('',(0.,-0.707106781187,0.707106781187));
#626 = DEFINITIONAL_REPRESENTATION('',(#627),#630);
#627 = B_SPLINE_CURVE_WITH_KNOTS('',1,(#628,#629),.UNSPECIFIED.,.F.,.F.,
  (2,2),(2.5,6.95),.PIECEWISE_BEZIER_KNOTS.);
#628 = CARTESIAN_POINT('',(1.480613254816,0.));
#629 = CARTESIAN_POINT('',(1.480613254816,4.45));
#630 = ( GEOMETRIC_REPRESENTATION_CONTEXT(2) 
PARAMETRIC_REPRESENTATION_CONTEXT() REPRESENTATION_CONTEXT('2D SPACE',''
  ) );
#631 = ORIENTED_EDGE('',*,*,#632,.T.);
#632 = EDGE_CURVE('',#607,#561,#633,.T.);
#633 = SURFACE_CURVE('',#634,(#638,#644),.PCURVE_S1.);
#634 = LINE('',#635,#636);
#635 = CARTESIAN_POINT('',(-11.55,2.,-9.));
#636 = VECTOR('',#637,1.);
#637 = DIRECTION('',(-0.,0.,-1.));
#638 = PCURVE('',#122,#639);
#639 = DEFINITIONAL_REPRESENTATION('',(#640),#643);
#640 = B_SPLINE_CURVE_WITH_KNOTS('',1,(#641,#642),.UNSPECIFIED.,.F.,.F.,
  (2,2),(-9.,-6.),.PIECEWISE_BEZIER_KNOTS.);
#641 = CARTESIAN_POINT('',(3.,9.45));
#642 = CARTESIAN_POINT('',(0.,9.45));
#643 = ( GEOMETRIC_REPRESENTATION_CONTEXT(2) 
PARAMETRIC_REPRESENTATION_CONTEXT() REPRESENTATION_CONTEXT('2D SPACE',''
  ) );
#644 = PCURVE('',#645,#650);
#645 = PLANE('',#646);
#646 = AXIS2_PLACEMENT_3D('',#647,#648,#649);
#647 = CARTESIAN_POINT('',(-11.55,-2.,-15.));
#648 = DIRECTION('',(1.,0.,-0.));
#649 = DIRECTION('',(0.,0.,1.));
#650 = DEFINITIONAL_REPRESENTATION('',(#651),#654);
#651 = B_SPLINE_CURVE_WITH_KNOTS('',1,(#652,#653),.UNSPECIFIED.,.F.,.F.,
  (2,2),(-9.,-6.),.PIECEWISE_BEZIER_KNOTS.);
#652 = CARTESIAN_POINT('',(15.,-4.));
#653 = CARTESIAN_POINT('',(12.,-4.));
#654 = ( GEOMETRIC_REPRESENTATION_CONTEXT(2) 
PARAMETRIC_REPRESENTATION_CONTEXT() REPRESENTATION_CONTEXT('2D SPACE',''
  ) );
#655 = ADVANCED_FACE('',(#656,#778,#804),#94,.F.);
#656 = FACE_BOUND('',#657,.F.);
#657 = EDGE_LOOP('',(#658,#659,#660,#661,#684,#707,#733,#759));
#658 = ORIENTED_EDGE('',*,*,#560,.F.);
#659 = ORIENTED_EDGE('',*,*,#78,.F.);
#660 = ORIENTED_EDGE('',*,*,#163,.T.);
#661 = ORIENTED_EDGE('',*,*,#662,.T.);
#662 = EDGE_CURVE('',#164,#663,#665,.T.);
#663 = VERTEX_POINT('',#664);
#664 = CARTESIAN_POINT('',(21.,2.,-3.));
#665 = SURFACE_CURVE('',#666,(#670,#677),.PCURVE_S1.);
#666 = LINE('',#667,#668);
#667 = CARTESIAN_POINT('',(21.,-28.,-3.));
#668 = VECTOR('',#669,1.);
#669 = DIRECTION('',(-0.,1.,0.));
#670 = PCURVE('',#94,#671);
#671 = DEFINITIONAL_REPRESENTATION('',(#672),#676);
#672 = LINE('',#673,#674);
#673 = CARTESIAN_POINT('',(42.,0.));
#674 = VECTOR('',#675,1.);
#675 = DIRECTION('',(0.,1.));
#676 = ( GEOMETRIC_REPRESENTATION_CONTEXT(2) 
PARAMETRIC_REPRESENTATION_CONTEXT() REPRESENTATION_CONTEXT('2D SPACE',''
  ) );
#677 = PCURVE('',#224,#678);
#678 = DEFINITIONAL_REPRESENTATION('',(#679),#683);
#679 = LINE('',#680,#681);
#680 = CARTESIAN_POINT('',(0.,0.));
#681 = VECTOR('',#682,1.);
#682 = DIRECTION('',(0.,-1.));
#683 = ( GEOMETRIC_REPRESENTATION_CONTEXT(2) 
PARAMETRIC_REPRESENTATION_CONTEXT() REPRESENTATION_CONTEXT('2D SPACE',''
  ) );
#684 = ORIENTED_EDGE('',*,*,#685,.F.);
#685 = EDGE_CURVE('',#686,#663,#688,.T.);
#686 = VERTEX_POINT('',#687);
#687 = CARTESIAN_POINT('',(11.55,2.,-3.));
#688 = SURFACE_CURVE('',#689,(#693,#700),.PCURVE_S1.);
#689 = LINE('',#690,#691);
#690 = CARTESIAN_POINT('',(-21.,2.,-3.));
#691 = VECTOR('',#692,1.);
#692 = DIRECTION('',(1.,0.,-0.));
#693 = PCURVE('',#94,#694);
#694 = DEFINITIONAL_REPRESENTATION('',(#695),#699);
#695 = LINE('',#696,#697);
#696 = CARTESIAN_POINT('',(0.,30.));
#697 = VECTOR('',#698,1.);
#698 = DIRECTION('',(1.,0.));
#699 = ( GEOMETRIC_REPRESENTATION_CONTEXT(2) 
PARAMETRIC_REPRESENTATION_CONTEXT() REPRESENTATION_CONTEXT('2D SPACE',''
  ) );
#700 = PCURVE('',#303,#701);
#701 = DEFINITIONAL_REPRESENTATION('',(#702),#706);
#702 = LINE('',#703,#704);
#703 = CARTESIAN_POINT('',(0.,0.));
#704 = VECTOR('',#705,1.);
#705 = DIRECTION('',(0.,1.));
#706 = ( GEOMETRIC_REPRESENTATION_CONTEXT(2) 
PARAMETRIC_REPRESENTATION_CONTEXT() REPRESENTATION_CONTEXT('2D SPACE',''
  ) );
#707 = ORIENTED_EDGE('',*,*,#708,.F.);
#708 = EDGE_CURVE('',#709,#686,#711,.T.);
#709 = VERTEX_POINT('',#710);
#710 = CARTESIAN_POINT('',(11.55,-2.,-3.));
#711 = SURFACE_CURVE('',#712,(#716,#722),.PCURVE_S1.);
#712 = LINE('',#713,#714);
#713 = CARTESIAN_POINT('',(11.55,-15.,-3.));
#714 = VECTOR('',#715,1.);
#715 = DIRECTION('',(-0.,1.,0.));
#716 = PCURVE('',#94,#717);
#717 = DEFINITIONAL_REPRESENTATION('',(#718),#721);
#718 = B_SPLINE_CURVE_WITH_KNOTS('',1,(#719,#720),.UNSPECIFIED.,.F.,.F.,
  (2,2),(13.,17.),.PIECEWISE_BEZIER_KNOTS.);
#719 = CARTESIAN_POINT('',(32.55,26.));
#720 = CARTESIAN_POINT('',(32.55,30.));
#721 = ( GEOMETRIC_REPRESENTATION_CONTEXT(2) 
PARAMETRIC_REPRESENTATION_CONTEXT() REPRESENTATION_CONTEXT('2D SPACE',''
  ) );
#722 = PCURVE('',#723,#728);
#723 = PLANE('',#724);
#724 = AXIS2_PLACEMENT_3D('',#725,#726,#727);
#725 = CARTESIAN_POINT('',(11.55,-2.,-15.));
#726 = DIRECTION('',(1.,0.,-0.));
#727 = DIRECTION('',(0.,0.,1.));
#728 = DEFINITIONAL_REPRESENTATION('',(#729),#732);
#729 = B_SPLINE_CURVE_WITH_KNOTS('',1,(#730,#731),.UNSPECIFIED.,.F.,.F.,
  (2,2),(13.,17.),.PIECEWISE_BEZIER_KNOTS.);
#730 = CARTESIAN_POINT('',(12.,0.));
#731 = CARTESIAN_POINT('',(12.,-4.));
#732 = ( GEOMETRIC_REPRESENTATION_CONTEXT(2) 
PARAMETRIC_REPRESENTATION_CONTEXT() REPRESENTATION_CONTEXT('2D SPACE',''
  ) );
#733 = ORIENTED_EDGE('',*,*,#734,.T.);
#734 = EDGE_CURVE('',#709,#735,#737,.T.);
#735 = VERTEX_POINT('',#736);
#736 = CARTESIAN_POINT('',(-11.55,-2.,-3.));
#737 = SURFACE_CURVE('',#738,(#742,#748),.PCURVE_S1.);
#738 = LINE('',#739,#740);
#739 = CARTESIAN_POINT('',(-16.275,-2.,-3.));
#740 = VECTOR('',#741,1.);
#741 = DIRECTION('',(-1.,-0.,0.));
#742 = PCURVE('',#94,#743);
#743 = DEFINITIONAL_REPRESENTATION('',(#744),#747);
#744 = B_SPLINE_CURVE_WITH_KNOTS('',1,(#745,#746),.UNSPECIFIED.,.F.,.F.,
  (2,2),(-27.825,-4.725),.PIECEWISE_BEZIER_KNOTS.);
#745 = CARTESIAN_POINT('',(32.55,26.));
#746 = CARTESIAN_POINT('',(9.45,26.));
#747 = ( GEOMETRIC_REPRESENTATION_CONTEXT(2) 
PARAMETRIC_REPRESENTATION_CONTEXT() REPRESENTATION_CONTEXT('2D SPACE',''
  ) );
#748 = PCURVE('',#749,#754);
#749 = PLANE('',#750);
#750 = AXIS2_PLACEMENT_3D('',#751,#752,#753);
#751 = CARTESIAN_POINT('',(-11.55,-2.,-15.));
#752 = DIRECTION('',(-0.,1.,0.));
#753 = DIRECTION('',(0.,0.,1.));
#754 = DEFINITIONAL_REPRESENTATION('',(#755),#758);
#755 = B_SPLINE_CURVE_WITH_KNOTS('',1,(#756,#757),.UNSPECIFIED.,.F.,.F.,
  (2,2),(-27.825,-4.725),.PIECEWISE_BEZIER_KNOTS.);
#756 = CARTESIAN_POINT('',(12.,23.1));
#757 = CARTESIAN_POINT('',(12.,0.));
#758 = ( GEOMETRIC_REPRESENTATION_CONTEXT(2) 
PARAMETRIC_REPRESENTATION_CONTEXT() REPRESENTATION_CONTEXT('2D SPACE',''
  ) );
#759 = ORIENTED_EDGE('',*,*,#760,.T.);
#760 = EDGE_CURVE('',#735,#561,#761,.T.);
#761 = SURFACE_CURVE('',#762,(#766,#772),.PCURVE_S1.);
#762 = LINE('',#763,#764);
#763 = CARTESIAN_POINT('',(-11.55,-15.,-3.));
#764 = VECTOR('',#765,1.);
#765 = DIRECTION('',(-0.,1.,0.));
#766 = PCURVE('',#94,#767);
#767 = DEFINITIONAL_REPRESENTATION('',(#768),#771);
#768 = B_SPLINE_CURVE_WITH_KNOTS('',1,(#769,#770),.UNSPECIFIED.,.F.,.F.,
  (2,2),(13.,17.),.PIECEWISE_BEZIER_KNOTS.);
#769 = CARTESIAN_POINT('',(9.45,26.));
#770 = CARTESIAN_POINT('',(9.45,30.));
#771 = ( GEOMETRIC_REPRESENTATION_CONTEXT(2) 
PARAMETRIC_REPRESENTATION_CONTEXT() REPRESENTATION_CONTEXT('2D SPACE',''
  ) );
#772 = PCURVE('',#645,#773);
#773 = DEFINITIONAL_REPRESENTATION('',(#774),#777);
#774 = B_SPLINE_CURVE_WITH_KNOTS('',1,(#775,#776),.UNSPECIFIED.,.F.,.F.,
  (2,2),(13.,17.),.PIECEWISE_BEZIER_KNOTS.);
#775 = CARTESIAN_POINT('',(12.,0.));
#776 = CARTESIAN_POINT('',(12.,-4.));
#777 = ( GEOMETRIC_REPRESENTATION_CONTEXT(2) 
PARAMETRIC_REPRESENTATION_CONTEXT() REPRESENTATION_CONTEXT('2D SPACE',''
  ) );
#778 = FACE_BOUND('',#779,.F.);
#779 = EDGE_LOOP('',(#780));
#780 = ORIENTED_EDGE('',*,*,#781,.F.);
#781 = EDGE_CURVE('',#782,#782,#784,.T.);
#782 = VERTEX_POINT('',#783);
#783 = CARTESIAN_POINT('',(-13.65,-13.,-3.));
#784 = SURFACE_CURVE('',#785,(#790,#797),.PCURVE_S1.);
#785 = CIRCLE('',#786,1.6);
#786 = AXIS2_PLACEMENT_3D('',#787,#788,#789);
#787 = CARTESIAN_POINT('',(-15.25,-13.,-3.));
#788 = DIRECTION('',(0.,0.,1.));
#789 = DIRECTION('',(1.,0.,-0.));
#790 = PCURVE('',#94,#791);
#791 = DEFINITIONAL_REPRESENTATION('',(#792),#796);
#792 = CIRCLE('',#793,1.6);
#793 = AXIS2_PLACEMENT_2D('',#794,#795);
#794 = CARTESIAN_POINT('',(5.75,15.));
#795 = DIRECTION('',(1.,0.));
#796 = ( GEOMETRIC_REPRESENTATION_CONTEXT(2) 
PARAMETRIC_REPRESENTATION_CONTEXT() REPRESENTATION_CONTEXT('2D SPACE',''
  ) );
#797 = PCURVE('',#514,#798);
#798 = DEFINITIONAL_REPRESENTATION('',(#799),#803);
#799 = LINE('',#800,#801);
#800 = CARTESIAN_POINT('',(0.,4.5));
#801 = VECTOR('',#802,1.);
#802 = DIRECTION('',(1.,0.));
#803 = ( GEOMETRIC_REPRESENTATION_CONTEXT(2) 
PARAMETRIC_REPRESENTATION_CONTEXT() REPRESENTATION_CONTEXT('2D SPACE',''
  ) );
#804 = FACE_BOUND('',#805,.F.);
#805 = EDGE_LOOP('',(#806));
#806 = ORIENTED_EDGE('',*,*,#807,.F.);
#807 = EDGE_CURVE('',#808,#808,#810,.T.);
#808 = VERTEX_POINT('',#809);
#809 = CARTESIAN_POINT('',(16.85,-13.,-3.));
#810 = SURFACE_CURVE('',#811,(#816,#823),.PCURVE_S1.);
#811 = CIRCLE('',#812,1.6);
#812 = AXIS2_PLACEMENT_3D('',#813,#814,#815);
#813 = CARTESIAN_POINT('',(15.25,-13.,-3.));
#814 = DIRECTION('',(0.,0.,1.));
#815 = DIRECTION('',(1.,0.,-0.));
#816 = PCURVE('',#94,#817);
#817 = DEFINITIONAL_REPRESENTATION('',(#818),#822);
#818 = CIRCLE('',#819,1.6);
#819 = AXIS2_PLACEMENT_2D('',#820,#821);
#820 = CARTESIAN_POINT('',(36.25,15.));
#821 = DIRECTION('',(1.,0.));
#822 = ( GEOMETRIC_REPRESENTATION_CONTEXT(2) 
PARAMETRIC_REPRESENTATION_CONTEXT() REPRESENTATION_CONTEXT('2D SPACE',''
  ) );
#823 = PCURVE('',#545,#824);
#824 = DEFINITIONAL_REPRESENTATION('',(#825),#829);
#825 = LINE('',#826,#827);
#826 = CARTESIAN_POINT('',(0.,4.5));
#827 = VECTOR('',#828,1.);
#828 = DIRECTION('',(1.,0.));
#829 = ( GEOMETRIC_REPRESENTATION_CONTEXT(2) 
PARAMETRIC_REPRESENTATION_CONTEXT() REPRESENTATION_CONTEXT('2D SPACE',''
  ) );
#830 = ADVANCED_FACE('',(#831),#224,.T.);
#831 = FACE_BOUND('',#832,.T.);
#832 = EDGE_LOOP('',(#833,#834,#835,#856));
#833 = ORIENTED_EDGE('',*,*,#210,.F.);
#834 = ORIENTED_EDGE('',*,*,#662,.T.);
#835 = ORIENTED_EDGE('',*,*,#836,.T.);
#836 = EDGE_CURVE('',#663,#265,#837,.T.);
#837 = SURFACE_CURVE('',#838,(#842,#849),.PCURVE_S1.);
#838 = LINE('',#839,#840);
#839 = CARTESIAN_POINT('',(21.,2.,-3.));
#840 = VECTOR('',#841,1.);
#841 = DIRECTION('',(0.,0.,1.));
#842 = PCURVE('',#224,#843);
#843 = DEFINITIONAL_REPRESENTATION('',(#844),#848);
#844 = LINE('',#845,#846);
#845 = CARTESIAN_POINT('',(0.,-30.));
#846 = VECTOR('',#847,1.);
#847 = DIRECTION('',(1.,0.));
#848 = ( GEOMETRIC_REPRESENTATION_CONTEXT(2) 
PARAMETRIC_REPRESENTATION_CONTEXT() REPRESENTATION_CONTEXT('2D SPACE',''
  ) );
#849 = PCURVE('',#303,#850);
#850 = DEFINITIONAL_REPRESENTATION('',(#851),#855);
#851 = LINE('',#852,#853);
#852 = CARTESIAN_POINT('',(0.,42.));
#853 = VECTOR('',#854,1.);
#854 = DIRECTION('',(1.,0.));
#855 = ( GEOMETRIC_REPRESENTATION_CONTEXT(2) 
PARAMETRIC_REPRESENTATION_CONTEXT() REPRESENTATION_CONTEXT('2D SPACE',''
  ) );
#856 = ORIENTED_EDGE('',*,*,#264,.F.);
#857 = ADVANCED_FACE('',(#858),#484,.F.);
#858 = FACE_BOUND('',#859,.F.);
#859 = EDGE_LOOP('',(#860,#883,#911,#939,#967,#988,#989));
#860 = ORIENTED_EDGE('',*,*,#861,.F.);
#861 = EDGE_CURVE('',#862,#586,#864,.T.);
#862 = VERTEX_POINT('',#863);
#863 = CARTESIAN_POINT('',(-16.,3.046951672795,-2.074368670765));
#864 = SURFACE_CURVE('',#865,(#869,#876),.PCURVE_S1.);
#865 = LINE('',#866,#867);
#866 = CARTESIAN_POINT('',(-16.,3.046951672795,-2.074368670765));
#867 = VECTOR('',#868,1.);
#868 = DIRECTION('',(0.,-0.707106781187,0.707106781187));
#869 = PCURVE('',#484,#870);
#870 = DEFINITIONAL_REPRESENTATION('',(#871),#875);
#871 = LINE('',#872,#873);
#872 = CARTESIAN_POINT('',(0.,0.));
#873 = VECTOR('',#874,1.);
#874 = DIRECTION('',(1.,0.));
#875 = ( GEOMETRIC_REPRESENTATION_CONTEXT(2) 
PARAMETRIC_REPRESENTATION_CONTEXT() REPRESENTATION_CONTEXT('2D SPACE',''
  ) );
#876 = PCURVE('',#621,#877);
#877 = DEFINITIONAL_REPRESENTATION('',(#878),#882);
#878 = LINE('',#879,#880);
#879 = CARTESIAN_POINT('',(0.,0.));
#880 = VECTOR('',#881,1.);
#881 = DIRECTION('',(1.,0.));
#882 = ( GEOMETRIC_REPRESENTATION_CONTEXT(2) 
PARAMETRIC_REPRESENTATION_CONTEXT() REPRESENTATION_CONTEXT('2D SPACE',''
  ) );
#883 = ORIENTED_EDGE('',*,*,#884,.T.);
#884 = EDGE_CURVE('',#862,#885,#887,.T.);
#885 = VERTEX_POINT('',#886);
#886 = CARTESIAN_POINT('',(-16.,25.674368670765,20.553048327205));
#887 = SURFACE_CURVE('',#888,(#892,#899),.PCURVE_S1.);
#888 = LINE('',#889,#890);
#889 = CARTESIAN_POINT('',(-16.,3.046951672795,-2.074368670765));
#890 = VECTOR('',#891,1.);
#891 = DIRECTION('',(0.,0.707106781187,0.707106781187));
#892 = PCURVE('',#484,#893);
#893 = DEFINITIONAL_REPRESENTATION('',(#894),#898);
#894 = LINE('',#895,#896);
#895 = CARTESIAN_POINT('',(0.,0.));
#896 = VECTOR('',#897,1.);
#897 = DIRECTION('',(0.,-1.));
#898 = ( GEOMETRIC_REPRESENTATION_CONTEXT(2) 
PARAMETRIC_REPRESENTATION_CONTEXT() REPRESENTATION_CONTEXT('2D SPACE',''
  ) );
#899 = PCURVE('',#900,#905);
#900 = PLANE('',#901);
#901 = AXIS2_PLACEMENT_3D('',#902,#903,#904);
#902 = CARTESIAN_POINT('',(-16.,3.046951672795,-2.074368670765));
#903 = DIRECTION('',(0.,-0.707106781187,0.707106781187));
#904 = DIRECTION('',(1.,0.,0.));
#905 = DEFINITIONAL_REPRESENTATION('',(#906),#910);
#906 = LINE('',#907,#908);
#907 = CARTESIAN_POINT('',(0.,0.));
#908 = VECTOR('',#909,1.);
#909 = DIRECTION('',(0.,1.));
#910 = ( GEOMETRIC_REPRESENTATION_CONTEXT(2) 
PARAMETRIC_REPRESENTATION_CONTEXT() REPRESENTATION_CONTEXT('2D SPACE',''
  ) );
#911 = ORIENTED_EDGE('',*,*,#912,.T.);
#912 = EDGE_CURVE('',#885,#913,#915,.T.);
#913 = VERTEX_POINT('',#914);
#914 = CARTESIAN_POINT('',(-16.,23.553048327205,22.674368670765));
#915 = SURFACE_CURVE('',#916,(#920,#927),.PCURVE_S1.);
#916 = LINE('',#917,#918);
#917 = CARTESIAN_POINT('',(-16.,25.674368670765,20.553048327205));
#918 = VECTOR('',#919,1.);
#919 = DIRECTION('',(0.,-0.707106781187,0.707106781187));
#920 = PCURVE('',#484,#921);
#921 = DEFINITIONAL_REPRESENTATION('',(#922),#926);
#922 = LINE('',#923,#924);
#923 = CARTESIAN_POINT('',(0.,-32.));
#924 = VECTOR('',#925,1.);
#925 = DIRECTION('',(1.,0.));
#926 = ( GEOMETRIC_REPRESENTATION_CONTEXT(2) 
PARAMETRIC_REPRESENTATION_CONTEXT() REPRESENTATION_CONTEXT('2D SPACE',''
  ) );
#927 = PCURVE('',#928,#933);
#928 = PLANE('',#929);
#929 = AXIS2_PLACEMENT_3D('',#930,#931,#932);
#930 = CARTESIAN_POINT('',(-16.,25.674368670765,20.553048327205));
#931 = DIRECTION('',(0.,0.707106781187,0.707106781187));
#932 = DIRECTION('',(0.,-0.707106781187,0.707106781187));
#933 = DEFINITIONAL_REPRESENTATION('',(#934),#938);
#934 = LINE('',#935,#936);
#935 = CARTESIAN_POINT('',(0.,0.));
#936 = VECTOR('',#937,1.);
#937 = DIRECTION('',(1.,0.));
#938 = ( GEOMETRIC_REPRESENTATION_CONTEXT(2) 
PARAMETRIC_REPRESENTATION_CONTEXT() REPRESENTATION_CONTEXT('2D SPACE',''
  ) );
#939 = ORIENTED_EDGE('',*,*,#940,.F.);
#940 = EDGE_CURVE('',#941,#913,#943,.T.);
#941 = VERTEX_POINT('',#942);
#942 = CARTESIAN_POINT('',(-16.,0.925631329235,4.695167279506E-02));
#943 = SURFACE_CURVE('',#944,(#948,#955),.PCURVE_S1.);
#944 = LINE('',#945,#946);
#945 = CARTESIAN_POINT('',(-16.,0.925631329235,4.695167279506E-02));
#946 = VECTOR('',#947,1.);
#947 = DIRECTION('',(0.,0.707106781187,0.707106781187));
#948 = PCURVE('',#484,#949);
#949 = DEFINITIONAL_REPRESENTATION('',(#950),#954);
#950 = LINE('',#951,#952);
#951 = CARTESIAN_POINT('',(3.,0.));
#952 = VECTOR('',#953,1.);
#953 = DIRECTION('',(0.,-1.));
#954 = ( GEOMETRIC_REPRESENTATION_CONTEXT(2) 
PARAMETRIC_REPRESENTATION_CONTEXT() REPRESENTATION_CONTEXT('2D SPACE',''
  ) );
#955 = PCURVE('',#956,#961);
#956 = PLANE('',#957);
#957 = AXIS2_PLACEMENT_3D('',#958,#959,#960);
#958 = CARTESIAN_POINT('',(-16.,0.925631329235,4.695167279506E-02));
#959 = DIRECTION('',(0.,-0.707106781187,0.707106781187));
#960 = DIRECTION('',(1.,0.,0.));
#961 = DEFINITIONAL_REPRESENTATION('',(#962),#966);
#962 = LINE('',#963,#964);
#963 = CARTESIAN_POINT('',(0.,0.));
#964 = VECTOR('',#965,1.);
#965 = DIRECTION('',(0.,1.));
#966 = ( GEOMETRIC_REPRESENTATION_CONTEXT(2) 
PARAMETRIC_REPRESENTATION_CONTEXT() REPRESENTATION_CONTEXT('2D SPACE',''
  ) );
#967 = ORIENTED_EDGE('',*,*,#968,.F.);
#968 = EDGE_CURVE('',#446,#941,#969,.T.);
#969 = SURFACE_CURVE('',#970,(#974,#981),.PCURVE_S1.);
#970 = LINE('',#971,#972);
#971 = CARTESIAN_POINT('',(-16.,3.046951672795,-2.074368670765));
#972 = VECTOR('',#973,1.);
#973 = DIRECTION('',(0.,-0.707106781187,0.707106781187));
#974 = PCURVE('',#484,#975);
#975 = DEFINITIONAL_REPRESENTATION('',(#976),#980);
#976 = LINE('',#977,#978);
#977 = CARTESIAN_POINT('',(0.,0.));
#978 = VECTOR('',#979,1.);
#979 = DIRECTION('',(1.,0.));
#980 = ( GEOMETRIC_REPRESENTATION_CONTEXT(2) 
PARAMETRIC_REPRESENTATION_CONTEXT() REPRESENTATION_CONTEXT('2D SPACE',''
  ) );
#981 = PCURVE('',#460,#982);
#982 = DEFINITIONAL_REPRESENTATION('',(#983),#987);
#983 = LINE('',#984,#985);
#984 = CARTESIAN_POINT('',(0.,0.));
#985 = VECTOR('',#986,1.);
#986 = DIRECTION('',(1.,0.));
#987 = ( GEOMETRIC_REPRESENTATION_CONTEXT(2) 
PARAMETRIC_REPRESENTATION_CONTEXT() REPRESENTATION_CONTEXT('2D SPACE',''
  ) );
#988 = ORIENTED_EDGE('',*,*,#471,.T.);
#989 = ORIENTED_EDGE('',*,*,#585,.T.);
#990 = ADVANCED_FACE('',(#991),#460,.F.);
#991 = FACE_BOUND('',#992,.F.);
#992 = EDGE_LOOP('',(#993,#994,#995,#1018));
#993 = ORIENTED_EDGE('',*,*,#445,.T.);
#994 = ORIENTED_EDGE('',*,*,#968,.T.);
#995 = ORIENTED_EDGE('',*,*,#996,.T.);
#996 = EDGE_CURVE('',#941,#997,#999,.T.);
#997 = VERTEX_POINT('',#998);
#998 = CARTESIAN_POINT('',(-11.55,0.925631329235,4.695167279506E-02));
#999 = SURFACE_CURVE('',#1000,(#1004,#1011),.PCURVE_S1.);
#1000 = LINE('',#1001,#1002);
#1001 = CARTESIAN_POINT('',(-16.,0.925631329235,4.695167279506E-02));
#1002 = VECTOR('',#1003,1.);
#1003 = DIRECTION('',(1.,0.,0.));
#1004 = PCURVE('',#460,#1005);
#1005 = DEFINITIONAL_REPRESENTATION('',(#1006),#1010);
#1006 = LINE('',#1007,#1008);
#1007 = CARTESIAN_POINT('',(3.,0.));
#1008 = VECTOR('',#1009,1.);
#1009 = DIRECTION('',(0.,1.));
#1010 = ( GEOMETRIC_REPRESENTATION_CONTEXT(2) 
PARAMETRIC_REPRESENTATION_CONTEXT() REPRESENTATION_CONTEXT('2D SPACE',''
  ) );
#1011 = PCURVE('',#956,#1012);
#1012 = DEFINITIONAL_REPRESENTATION('',(#1013),#1017);
#1013 = LINE('',#1014,#1015);
#1014 = CARTESIAN_POINT('',(0.,0.));
#1015 = VECTOR('',#1016,1.);
#1016 = DIRECTION('',(1.,0.));
#1017 = ( GEOMETRIC_REPRESENTATION_CONTEXT(2) 
PARAMETRIC_REPRESENTATION_CONTEXT() REPRESENTATION_CONTEXT('2D SPACE',''
  ) );
#1018 = ORIENTED_EDGE('',*,*,#1019,.F.);
#1019 = EDGE_CURVE('',#420,#997,#1020,.T.);
#1020 = SURFACE_CURVE('',#1021,(#1025,#1031),.PCURVE_S1.);
#1021 = LINE('',#1022,#1023);
#1022 = CARTESIAN_POINT('',(-11.55,5.016621586905,-4.044038584875));
#1023 = VECTOR('',#1024,1.);
#1024 = DIRECTION('',(0.,-0.707106781187,0.707106781187));
#1025 = PCURVE('',#460,#1026);
#1026 = DEFINITIONAL_REPRESENTATION('',(#1027),#1030);
#1027 = B_SPLINE_CURVE_WITH_KNOTS('',1,(#1028,#1029),.UNSPECIFIED.,.F.,
  .F.,(2,2),(2.785533905933,5.785533905933),.PIECEWISE_BEZIER_KNOTS.);
#1028 = CARTESIAN_POINT('',(0.,4.45));
#1029 = CARTESIAN_POINT('',(3.,4.45));
#1030 = ( GEOMETRIC_REPRESENTATION_CONTEXT(2) 
PARAMETRIC_REPRESENTATION_CONTEXT() REPRESENTATION_CONTEXT('2D SPACE',''
  ) );
#1031 = PCURVE('',#434,#1032);
#1032 = DEFINITIONAL_REPRESENTATION('',(#1033),#1036);
#1033 = B_SPLINE_CURVE_WITH_KNOTS('',1,(#1034,#1035),.UNSPECIFIED.,.F.,
  .F.,(2,2),(2.785533905933,5.785533905933),.PIECEWISE_BEZIER_KNOTS.);
#1034 = CARTESIAN_POINT('',(12.925631329235,-5.046951672795));
#1035 = CARTESIAN_POINT('',(15.046951672795,-2.925631329235));
#1036 = ( GEOMETRIC_REPRESENTATION_CONTEXT(2) 
PARAMETRIC_REPRESENTATION_CONTEXT() REPRESENTATION_CONTEXT('2D SPACE',''
  ) );
#1037 = ADVANCED_FACE('',(#1038),#434,.F.);
#1038 = FACE_BOUND('',#1039,.F.);
#1039 = EDGE_LOOP('',(#1040,#1061,#1089,#1110,#1111));
#1040 = ORIENTED_EDGE('',*,*,#1041,.F.);
#1041 = EDGE_CURVE('',#1042,#997,#1044,.T.);
#1042 = VERTEX_POINT('',#1043);
#1043 = CARTESIAN_POINT('',(-11.55,1.87867965644,1.));
#1044 = SURFACE_CURVE('',#1045,(#1049,#1055),.PCURVE_S1.);
#1045 = LINE('',#1046,#1047);
#1046 = CARTESIAN_POINT('',(-11.55,-3.567514421272,-4.446194077713));
#1047 = VECTOR('',#1048,1.);
#1048 = DIRECTION('',(0.,-0.707106781187,-0.707106781187));
#1049 = PCURVE('',#434,#1050);
#1050 = DEFINITIONAL_REPRESENTATION('',(#1051),#1054);
#1051 = B_SPLINE_CURVE_WITH_KNOTS('',1,(#1052,#1053),.UNSPECIFIED.,.F.,
  .F.,(2,2),(-7.702081528017,-6.354267658087),.PIECEWISE_BEZIER_KNOTS.);
#1052 = CARTESIAN_POINT('',(16.,-3.87867965644));
#1053 = CARTESIAN_POINT('',(15.046951672795,-2.925631329235));
#1054 = ( GEOMETRIC_REPRESENTATION_CONTEXT(2) 
PARAMETRIC_REPRESENTATION_CONTEXT() REPRESENTATION_CONTEXT('2D SPACE',''
  ) );
#1055 = PCURVE('',#956,#1056);
#1056 = DEFINITIONAL_REPRESENTATION('',(#1057),#1060);
#1057 = B_SPLINE_CURVE_WITH_KNOTS('',1,(#1058,#1059),.UNSPECIFIED.,.F.,
  .F.,(2,2),(-7.702081528017,-6.354267658087),.PIECEWISE_BEZIER_KNOTS.);
#1058 = CARTESIAN_POINT('',(4.45,1.34781386993));
#1059 = CARTESIAN_POINT('',(4.45,0.));
#1060 = ( GEOMETRIC_REPRESENTATION_CONTEXT(2) 
PARAMETRIC_REPRESENTATION_CONTEXT() REPRESENTATION_CONTEXT('2D SPACE',''
  ) );
#1061 = ORIENTED_EDGE('',*,*,#1062,.F.);
#1062 = EDGE_CURVE('',#1063,#1042,#1065,.T.);
#1063 = VERTEX_POINT('',#1064);
#1064 = CARTESIAN_POINT('',(-11.55,-2.,1.));
#1065 = SURFACE_CURVE('',#1066,(#1070,#1077),.PCURVE_S1.);
#1066 = LINE('',#1067,#1068);
#1067 = CARTESIAN_POINT('',(-11.55,-2.,1.));
#1068 = VECTOR('',#1069,1.);
#1069 = DIRECTION('',(-0.,1.,0.));
#1070 = PCURVE('',#434,#1071);
#1071 = DEFINITIONAL_REPRESENTATION('',(#1072),#1076);
#1072 = LINE('',#1073,#1074);
#1073 = CARTESIAN_POINT('',(16.,0.));
#1074 = VECTOR('',#1075,1.);
#1075 = DIRECTION('',(0.,-1.));
#1076 = ( GEOMETRIC_REPRESENTATION_CONTEXT(2) 
PARAMETRIC_REPRESENTATION_CONTEXT() REPRESENTATION_CONTEXT('2D SPACE',''
  ) );
#1077 = PCURVE('',#1078,#1083);
#1078 = PLANE('',#1079);
#1079 = AXIS2_PLACEMENT_3D('',#1080,#1081,#1082);
#1080 = CARTESIAN_POINT('',(-11.55,-2.,1.));
#1081 = DIRECTION('',(0.,0.,1.));
#1082 = DIRECTION('',(1.,0.,-0.));
#1083 = DEFINITIONAL_REPRESENTATION('',(#1084),#1088);
#1084 = LINE('',#1085,#1086);
#1085 = CARTESIAN_POINT('',(0.,0.));
#1086 = VECTOR('',#1087,1.);
#1087 = DIRECTION('',(0.,1.));
#1088 = ( GEOMETRIC_REPRESENTATION_CONTEXT(2) 
PARAMETRIC_REPRESENTATION_CONTEXT() REPRESENTATION_CONTEXT('2D SPACE',''
  ) );
#1089 = ORIENTED_EDGE('',*,*,#1090,.F.);
#1090 = EDGE_CURVE('',#394,#1063,#1091,.T.);
#1091 = SURFACE_CURVE('',#1092,(#1096,#1103),.PCURVE_S1.);
#1092 = LINE('',#1093,#1094);
#1093 = CARTESIAN_POINT('',(-11.55,-2.,-15.));
#1094 = VECTOR('',#1095,1.);
#1095 = DIRECTION('',(0.,0.,1.));
#1096 = PCURVE('',#434,#1097);
#1097 = DEFINITIONAL_REPRESENTATION('',(#1098),#1102);
#1098 = LINE('',#1099,#1100);
#1099 = CARTESIAN_POINT('',(0.,0.));
#1100 = VECTOR('',#1101,1.);
#1101 = DIRECTION('',(1.,0.));
#1102 = ( GEOMETRIC_REPRESENTATION_CONTEXT(2) 
PARAMETRIC_REPRESENTATION_CONTEXT() REPRESENTATION_CONTEXT('2D SPACE',''
  ) );
#1103 = PCURVE('',#408,#1104);
#1104 = DEFINITIONAL_REPRESENTATION('',(#1105),#1109);
#1105 = LINE('',#1106,#1107);
#1106 = CARTESIAN_POINT('',(0.,0.));
#1107 = VECTOR('',#1108,1.);
#1108 = DIRECTION('',(1.,0.));
#1109 = ( GEOMETRIC_REPRESENTATION_CONTEXT(2) 
PARAMETRIC_REPRESENTATION_CONTEXT() REPRESENTATION_CONTEXT('2D SPACE',''
  ) );
#1110 = ORIENTED_EDGE('',*,*,#419,.T.);
#1111 = ORIENTED_EDGE('',*,*,#1019,.T.);
#1112 = ADVANCED_FACE('',(#1113),#408,.F.);
#1113 = FACE_BOUND('',#1114,.F.);
#1114 = EDGE_LOOP('',(#1115,#1138,#1139,#1140));
#1115 = ORIENTED_EDGE('',*,*,#1116,.F.);
#1116 = EDGE_CURVE('',#368,#1117,#1119,.T.);
#1117 = VERTEX_POINT('',#1118);
#1118 = CARTESIAN_POINT('',(11.55,-2.,1.));
#1119 = SURFACE_CURVE('',#1120,(#1124,#1131),.PCURVE_S1.);
#1120 = LINE('',#1121,#1122);
#1121 = CARTESIAN_POINT('',(11.55,-2.,-15.));
#1122 = VECTOR('',#1123,1.);
#1123 = DIRECTION('',(0.,0.,1.));
#1124 = PCURVE('',#408,#1125);
#1125 = DEFINITIONAL_REPRESENTATION('',(#1126),#1130);
#1126 = LINE('',#1127,#1128);
#1127 = CARTESIAN_POINT('',(0.,23.1));
#1128 = VECTOR('',#1129,1.);
#1129 = DIRECTION('',(1.,0.));
#1130 = ( GEOMETRIC_REPRESENTATION_CONTEXT(2) 
PARAMETRIC_REPRESENTATION_CONTEXT() REPRESENTATION_CONTEXT('2D SPACE',''
  ) );
#1131 = PCURVE('',#382,#1132);
#1132 = DEFINITIONAL_REPRESENTATION('',(#1133),#1137);
#1133 = LINE('',#1134,#1135);
#1134 = CARTESIAN_POINT('',(0.,0.));
#1135 = VECTOR('',#1136,1.);
#1136 = DIRECTION('',(1.,0.));
#1137 = ( GEOMETRIC_REPRESENTATION_CONTEXT(2) 
PARAMETRIC_REPRESENTATION_CONTEXT() REPRESENTATION_CONTEXT('2D SPACE',''
  ) );
#1138 = ORIENTED_EDGE('',*,*,#393,.T.);
#1139 = ORIENTED_EDGE('',*,*,#1090,.T.);
#1140 = ORIENTED_EDGE('',*,*,#1141,.T.);
#1141 = EDGE_CURVE('',#1063,#1117,#1142,.T.);
#1142 = SURFACE_CURVE('',#1143,(#1147,#1154),.PCURVE_S1.);
#1143 = LINE('',#1144,#1145);
#1144 = CARTESIAN_POINT('',(-11.55,-2.,1.));
#1145 = VECTOR('',#1146,1.);
#1146 = DIRECTION('',(1.,0.,-0.));
#1147 = PCURVE('',#408,#1148);
#1148 = DEFINITIONAL_REPRESENTATION('',(#1149),#1153);
#1149 = LINE('',#1150,#1151);
#1150 = CARTESIAN_POINT('',(16.,0.));
#1151 = VECTOR('',#1152,1.);
#1152 = DIRECTION('',(0.,1.));
#1153 = ( GEOMETRIC_REPRESENTATION_CONTEXT(2) 
PARAMETRIC_REPRESENTATION_CONTEXT() REPRESENTATION_CONTEXT('2D SPACE',''
  ) );
#1154 = PCURVE('',#1078,#1155);
#1155 = DEFINITIONAL_REPRESENTATION('',(#1156),#1160);
#1156 = LINE('',#1157,#1158);
#1157 = CARTESIAN_POINT('',(0.,0.));
#1158 = VECTOR('',#1159,1.);
#1159 = DIRECTION('',(1.,0.));
#1160 = ( GEOMETRIC_REPRESENTATION_CONTEXT(2) 
PARAMETRIC_REPRESENTATION_CONTEXT() REPRESENTATION_CONTEXT('2D SPACE',''
  ) );
#1161 = ADVANCED_FACE('',(#1162),#382,.T.);
#1162 = FACE_BOUND('',#1163,.T.);
#1163 = EDGE_LOOP('',(#1164,#1187,#1208,#1209,#1210));
#1164 = ORIENTED_EDGE('',*,*,#1165,.F.);
#1165 = EDGE_CURVE('',#1166,#1168,#1170,.T.);
#1166 = VERTEX_POINT('',#1167);
#1167 = CARTESIAN_POINT('',(11.55,1.87867965644,1.));
#1168 = VERTEX_POINT('',#1169);
#1169 = CARTESIAN_POINT('',(11.55,0.925631329235,4.695167279506E-02));
#1170 = SURFACE_CURVE('',#1171,(#1175,#1181),.PCURVE_S1.);
#1171 = LINE('',#1172,#1173);
#1172 = CARTESIAN_POINT('',(11.55,-3.567514421272,-4.446194077713));
#1173 = VECTOR('',#1174,1.);
#1174 = DIRECTION('',(0.,-0.707106781187,-0.707106781187));
#1175 = PCURVE('',#382,#1176);
#1176 = DEFINITIONAL_REPRESENTATION('',(#1177),#1180);
#1177 = B_SPLINE_CURVE_WITH_KNOTS('',1,(#1178,#1179),.UNSPECIFIED.,.F.,
  .F.,(2,2),(-7.702081528017,-6.354267658087),.PIECEWISE_BEZIER_KNOTS.);
#1178 = CARTESIAN_POINT('',(16.,-3.87867965644));
#1179 = CARTESIAN_POINT('',(15.046951672795,-2.925631329235));
#1180 = ( GEOMETRIC_REPRESENTATION_CONTEXT(2) 
PARAMETRIC_REPRESENTATION_CONTEXT() REPRESENTATION_CONTEXT('2D SPACE',''
  ) );
#1181 = PCURVE('',#956,#1182);
#1182 = DEFINITIONAL_REPRESENTATION('',(#1183),#1186);
#1183 = B_SPLINE_CURVE_WITH_KNOTS('',1,(#1184,#1185),.UNSPECIFIED.,.F.,
  .F.,(2,2),(-7.702081528017,-6.354267658087),.PIECEWISE_BEZIER_KNOTS.);
#1184 = CARTESIAN_POINT('',(27.55,1.34781386993));
#1185 = CARTESIAN_POINT('',(27.55,0.));
#1186 = ( GEOMETRIC_REPRESENTATION_CONTEXT(2) 
PARAMETRIC_REPRESENTATION_CONTEXT() REPRESENTATION_CONTEXT('2D SPACE',''
  ) );
#1187 = ORIENTED_EDGE('',*,*,#1188,.F.);
#1188 = EDGE_CURVE('',#1117,#1166,#1189,.T.);
#1189 = SURFACE_CURVE('',#1190,(#1194,#1201),.PCURVE_S1.);
#1190 = LINE('',#1191,#1192);
#1191 = CARTESIAN_POINT('',(11.55,-2.,1.));
#1192 = VECTOR('',#1193,1.);
#1193 = DIRECTION('',(-0.,1.,0.));
#1194 = PCURVE('',#382,#1195);
#1195 = DEFINITIONAL_REPRESENTATION('',(#1196),#1200);
#1196 = LINE('',#1197,#1198);
#1197 = CARTESIAN_POINT('',(16.,0.));
#1198 = VECTOR('',#1199,1.);
#1199 = DIRECTION('',(0.,-1.));
#1200 = ( GEOMETRIC_REPRESENTATION_CONTEXT(2) 
PARAMETRIC_REPRESENTATION_CONTEXT() REPRESENTATION_CONTEXT('2D SPACE',''
  ) );
#1201 = PCURVE('',#1078,#1202);
#1202 = DEFINITIONAL_REPRESENTATION('',(#1203),#1207);
#1203 = LINE('',#1204,#1205);
#1204 = CARTESIAN_POINT('',(23.1,0.));
#1205 = VECTOR('',#1206,1.);
#1206 = DIRECTION('',(0.,1.));
#1207 = ( GEOMETRIC_REPRESENTATION_CONTEXT(2) 
PARAMETRIC_REPRESENTATION_CONTEXT() REPRESENTATION_CONTEXT('2D SPACE',''
  ) );
#1208 = ORIENTED_EDGE('',*,*,#1116,.F.);
#1209 = ORIENTED_EDGE('',*,*,#367,.T.);
#1210 = ORIENTED_EDGE('',*,*,#1211,.T.);
#1211 = EDGE_CURVE('',#342,#1168,#1212,.T.);
#1212 = SURFACE_CURVE('',#1213,(#1217,#1223),.PCURVE_S1.);
#1213 = LINE('',#1214,#1215);
#1214 = CARTESIAN_POINT('',(11.55,5.016621586905,-4.044038584875));
#1215 = VECTOR('',#1216,1.);
#1216 = DIRECTION('',(0.,-0.707106781187,0.707106781187));
#1217 = PCURVE('',#382,#1218);
#1218 = DEFINITIONAL_REPRESENTATION('',(#1219),#1222);
#1219 = B_SPLINE_CURVE_WITH_KNOTS('',1,(#1220,#1221),.UNSPECIFIED.,.F.,
  .F.,(2,2),(2.785533905933,5.785533905933),.PIECEWISE_BEZIER_KNOTS.);
#1220 = CARTESIAN_POINT('',(12.925631329235,-5.046951672795));
#1221 = CARTESIAN_POINT('',(15.046951672795,-2.925631329235));
#1222 = ( GEOMETRIC_REPRESENTATION_CONTEXT(2) 
PARAMETRIC_REPRESENTATION_CONTEXT() REPRESENTATION_CONTEXT('2D SPACE',''
  ) );
#1223 = PCURVE('',#356,#1224);
#1224 = DEFINITIONAL_REPRESENTATION('',(#1225),#1228);
#1225 = B_SPLINE_CURVE_WITH_KNOTS('',1,(#1226,#1227),.UNSPECIFIED.,.F.,
  .F.,(2,2),(2.785533905933,5.785533905933),.PIECEWISE_BEZIER_KNOTS.);
#1226 = CARTESIAN_POINT('',(0.,27.55));
#1227 = CARTESIAN_POINT('',(3.,27.55));
#1228 = ( GEOMETRIC_REPRESENTATION_CONTEXT(2) 
PARAMETRIC_REPRESENTATION_CONTEXT() REPRESENTATION_CONTEXT('2D SPACE',''
  ) );
#1229 = ADVANCED_FACE('',(#1230),#356,.F.);
#1230 = FACE_BOUND('',#1231,.F.);
#1231 = EDGE_LOOP('',(#1232,#1255,#1256,#1257));
#1232 = ORIENTED_EDGE('',*,*,#1233,.F.);
#1233 = EDGE_CURVE('',#316,#1234,#1236,.T.);
#1234 = VERTEX_POINT('',#1235);
#1235 = CARTESIAN_POINT('',(16.,0.925631329235,4.695167279506E-02));
#1236 = SURFACE_CURVE('',#1237,(#1241,#1248),.PCURVE_S1.);
#1237 = LINE('',#1238,#1239);
#1238 = CARTESIAN_POINT('',(16.,3.046951672795,-2.074368670765));
#1239 = VECTOR('',#1240,1.);
#1240 = DIRECTION('',(0.,-0.707106781187,0.707106781187));
#1241 = PCURVE('',#356,#1242);
#1242 = DEFINITIONAL_REPRESENTATION('',(#1243),#1247);
#1243 = LINE('',#1244,#1245);
#1244 = CARTESIAN_POINT('',(0.,32.));
#1245 = VECTOR('',#1246,1.);
#1246 = DIRECTION('',(1.,0.));
#1247 = ( GEOMETRIC_REPRESENTATION_CONTEXT(2) 
PARAMETRIC_REPRESENTATION_CONTEXT() REPRESENTATION_CONTEXT('2D SPACE',''
  ) );
#1248 = PCURVE('',#330,#1249);
#1249 = DEFINITIONAL_REPRESENTATION('',(#1250),#1254);
#1250 = LINE('',#1251,#1252);
#1251 = CARTESIAN_POINT('',(0.,0.));
#1252 = VECTOR('',#1253,1.);
#1253 = DIRECTION('',(1.,0.));
#1254 = ( GEOMETRIC_REPRESENTATION_CONTEXT(2) 
PARAMETRIC_REPRESENTATION_CONTEXT() REPRESENTATION_CONTEXT('2D SPACE',''
  ) );
#1255 = ORIENTED_EDGE('',*,*,#341,.T.);
#1256 = ORIENTED_EDGE('',*,*,#1211,.T.);
#1257 = ORIENTED_EDGE('',*,*,#1258,.T.);
#1258 = EDGE_CURVE('',#1168,#1234,#1259,.T.);
#1259 = SURFACE_CURVE('',#1260,(#1264,#1271),.PCURVE_S1.);
#1260 = LINE('',#1261,#1262);
#1261 = CARTESIAN_POINT('',(-16.,0.925631329235,4.695167279506E-02));
#1262 = VECTOR('',#1263,1.);
#1263 = DIRECTION('',(1.,0.,0.));
#1264 = PCURVE('',#356,#1265);
#1265 = DEFINITIONAL_REPRESENTATION('',(#1266),#1270);
#1266 = LINE('',#1267,#1268);
#1267 = CARTESIAN_POINT('',(3.,0.));
#1268 = VECTOR('',#1269,1.);
#1269 = DIRECTION('',(0.,1.));
#1270 = ( GEOMETRIC_REPRESENTATION_CONTEXT(2) 
PARAMETRIC_REPRESENTATION_CONTEXT() REPRESENTATION_CONTEXT('2D SPACE',''
  ) );
#1271 = PCURVE('',#956,#1272);
#1272 = DEFINITIONAL_REPRESENTATION('',(#1273),#1277);
#1273 = LINE('',#1274,#1275);
#1274 = CARTESIAN_POINT('',(0.,0.));
#1275 = VECTOR('',#1276,1.);
#1276 = DIRECTION('',(1.,0.));
#1277 = ( GEOMETRIC_REPRESENTATION_CONTEXT(2) 
PARAMETRIC_REPRESENTATION_CONTEXT() REPRESENTATION_CONTEXT('2D SPACE',''
  ) );
#1278 = ADVANCED_FACE('',(#1279),#330,.T.);
#1279 = FACE_BOUND('',#1280,.T.);
#1280 = EDGE_LOOP('',(#1281,#1311,#1334,#1357,#1378,#1379,#1380));
#1281 = ORIENTED_EDGE('',*,*,#1282,.F.);
#1282 = EDGE_CURVE('',#1283,#1285,#1287,.T.);
#1283 = VERTEX_POINT('',#1284);
#1284 = CARTESIAN_POINT('',(16.,3.046951672795,-2.074368670765));
#1285 = VERTEX_POINT('',#1286);
#1286 = CARTESIAN_POINT('',(16.,2.,-1.02741699797));
#1287 = SURFACE_CURVE('',#1288,(#1292,#1299),.PCURVE_S1.);
#1288 = LINE('',#1289,#1290);
#1289 = CARTESIAN_POINT('',(16.,3.046951672795,-2.074368670765));
#1290 = VECTOR('',#1291,1.);
#1291 = DIRECTION('',(0.,-0.707106781187,0.707106781187));
#1292 = PCURVE('',#330,#1293);
#1293 = DEFINITIONAL_REPRESENTATION('',(#1294),#1298);
#1294 = LINE('',#1295,#1296);
#1295 = CARTESIAN_POINT('',(0.,0.));
#1296 = VECTOR('',#1297,1.);
#1297 = DIRECTION('',(1.,0.));
#1298 = ( GEOMETRIC_REPRESENTATION_CONTEXT(2) 
PARAMETRIC_REPRESENTATION_CONTEXT() REPRESENTATION_CONTEXT('2D SPACE',''
  ) );
#1299 = PCURVE('',#1300,#1305);
#1300 = PLANE('',#1301);
#1301 = AXIS2_PLACEMENT_3D('',#1302,#1303,#1304);
#1302 = CARTESIAN_POINT('',(-16.,3.046951672795,-2.074368670765));
#1303 = DIRECTION('',(0.,0.707106781187,0.707106781187));
#1304 = DIRECTION('',(0.,-0.707106781187,0.707106781187));
#1305 = DEFINITIONAL_REPRESENTATION('',(#1306),#1310);
#1306 = LINE('',#1307,#1308);
#1307 = CARTESIAN_POINT('',(0.,32.));
#1308 = VECTOR('',#1309,1.);
#1309 = DIRECTION('',(1.,0.));
#1310 = ( GEOMETRIC_REPRESENTATION_CONTEXT(2) 
PARAMETRIC_REPRESENTATION_CONTEXT() REPRESENTATION_CONTEXT('2D SPACE',''
  ) );
#1311 = ORIENTED_EDGE('',*,*,#1312,.T.);
#1312 = EDGE_CURVE('',#1283,#1313,#1315,.T.);
#1313 = VERTEX_POINT('',#1314);
#1314 = CARTESIAN_POINT('',(16.,25.674368670765,20.553048327205));
#1315 = SURFACE_CURVE('',#1316,(#1320,#1327),.PCURVE_S1.);
#1316 = LINE('',#1317,#1318);
#1317 = CARTESIAN_POINT('',(16.,3.046951672795,-2.074368670765));
#1318 = VECTOR('',#1319,1.);
#1319 = DIRECTION('',(0.,0.707106781187,0.707106781187));
#1320 = PCURVE('',#330,#1321);
#1321 = DEFINITIONAL_REPRESENTATION('',(#1322),#1326);
#1322 = LINE('',#1323,#1324);
#1323 = CARTESIAN_POINT('',(0.,0.));
#1324 = VECTOR('',#1325,1.);
#1325 = DIRECTION('',(0.,-1.));
#1326 = ( GEOMETRIC_REPRESENTATION_CONTEXT(2) 
PARAMETRIC_REPRESENTATION_CONTEXT() REPRESENTATION_CONTEXT('2D SPACE',''
  ) );
#1327 = PCURVE('',#900,#1328);
#1328 = DEFINITIONAL_REPRESENTATION('',(#1329),#1333);
#1329 = LINE('',#1330,#1331);
#1330 = CARTESIAN_POINT('',(32.,0.));
#1331 = VECTOR('',#1332,1.);
#1332 = DIRECTION('',(0.,1.));
#1333 = ( GEOMETRIC_REPRESENTATION_CONTEXT(2) 
PARAMETRIC_REPRESENTATION_CONTEXT() REPRESENTATION_CONTEXT('2D SPACE',''
  ) );
#1334 = ORIENTED_EDGE('',*,*,#1335,.T.);
#1335 = EDGE_CURVE('',#1313,#1336,#1338,.T.);
#1336 = VERTEX_POINT('',#1337);
#1337 = CARTESIAN_POINT('',(16.,23.553048327205,22.674368670765));
#1338 = SURFACE_CURVE('',#1339,(#1343,#1350),.PCURVE_S1.);
#1339 = LINE('',#1340,#1341);
#1340 = CARTESIAN_POINT('',(16.,25.674368670765,20.553048327205));
#1341 = VECTOR('',#1342,1.);
#1342 = DIRECTION('',(0.,-0.707106781187,0.707106781187));
#1343 = PCURVE('',#330,#1344);
#1344 = DEFINITIONAL_REPRESENTATION('',(#1345),#1349);
#1345 = LINE('',#1346,#1347);
#1346 = CARTESIAN_POINT('',(0.,-32.));
#1347 = VECTOR('',#1348,1.);
#1348 = DIRECTION('',(1.,0.));
#1349 = ( GEOMETRIC_REPRESENTATION_CONTEXT(2) 
PARAMETRIC_REPRESENTATION_CONTEXT() REPRESENTATION_CONTEXT('2D SPACE',''
  ) );
#1350 = PCURVE('',#928,#1351);
#1351 = DEFINITIONAL_REPRESENTATION('',(#1352),#1356);
#1352 = LINE('',#1353,#1354);
#1353 = CARTESIAN_POINT('',(0.,32.));
#1354 = VECTOR('',#1355,1.);
#1355 = DIRECTION('',(1.,0.));
#1356 = ( GEOMETRIC_REPRESENTATION_CONTEXT(2) 
PARAMETRIC_REPRESENTATION_CONTEXT() REPRESENTATION_CONTEXT('2D SPACE',''
  ) );
#1357 = ORIENTED_EDGE('',*,*,#1358,.F.);
#1358 = EDGE_CURVE('',#1234,#1336,#1359,.T.);
#1359 = SURFACE_CURVE('',#1360,(#1364,#1371),.PCURVE_S1.);
#1360 = LINE('',#1361,#1362);
#1361 = CARTESIAN_POINT('',(16.,0.925631329235,4.695167279506E-02));
#1362 = VECTOR('',#1363,1.);
#1363 = DIRECTION('',(0.,0.707106781187,0.707106781187));
#1364 = PCURVE('',#330,#1365);
#1365 = DEFINITIONAL_REPRESENTATION('',(#1366),#1370);
#1366 = LINE('',#1367,#1368);
#1367 = CARTESIAN_POINT('',(3.,0.));
#1368 = VECTOR('',#1369,1.);
#1369 = DIRECTION('',(0.,-1.));
#1370 = ( GEOMETRIC_REPRESENTATION_CONTEXT(2) 
PARAMETRIC_REPRESENTATION_CONTEXT() REPRESENTATION_CONTEXT('2D SPACE',''
  ) );
#1371 = PCURVE('',#956,#1372);
#1372 = DEFINITIONAL_REPRESENTATION('',(#1373),#1377);
#1373 = LINE('',#1374,#1375);
#1374 = CARTESIAN_POINT('',(32.,0.));
#1375 = VECTOR('',#1376,1.);
#1376 = DIRECTION('',(0.,1.));
#1377 = ( GEOMETRIC_REPRESENTATION_CONTEXT(2) 
PARAMETRIC_REPRESENTATION_CONTEXT() REPRESENTATION_CONTEXT('2D SPACE',''
  ) );
#1378 = ORIENTED_EDGE('',*,*,#1233,.F.);
#1379 = ORIENTED_EDGE('',*,*,#315,.T.);
#1380 = ORIENTED_EDGE('',*,*,#1381,.T.);
#1381 = EDGE_CURVE('',#288,#1285,#1382,.T.);
#1382 = SURFACE_CURVE('',#1383,(#1387,#1393),.PCURVE_S1.);
#1383 = LINE('',#1384,#1385);
#1384 = CARTESIAN_POINT('',(16.,2.,-2.537184335382));
#1385 = VECTOR('',#1386,1.);
#1386 = DIRECTION('',(0.,0.,-1.));
#1387 = PCURVE('',#330,#1388);
#1388 = DEFINITIONAL_REPRESENTATION('',(#1389),#1392);
#1389 = B_SPLINE_CURVE_WITH_KNOTS('',1,(#1390,#1391),.UNSPECIFIED.,.F.,
  .F.,(2,2),(-2.537184335382,-1.509767337413),.PIECEWISE_BEZIER_KNOTS.);
#1390 = CARTESIAN_POINT('',(2.207106781187,-0.726493526371));
#1391 = CARTESIAN_POINT('',(1.480613254816,0.));
#1392 = ( GEOMETRIC_REPRESENTATION_CONTEXT(2) 
PARAMETRIC_REPRESENTATION_CONTEXT() REPRESENTATION_CONTEXT('2D SPACE',''
  ) );
#1393 = PCURVE('',#303,#1394);
#1394 = DEFINITIONAL_REPRESENTATION('',(#1395),#1398);
#1395 = B_SPLINE_CURVE_WITH_KNOTS('',1,(#1396,#1397),.UNSPECIFIED.,.F.,
  .F.,(2,2),(-2.537184335382,-1.509767337413),.PIECEWISE_BEZIER_KNOTS.);
#1396 = CARTESIAN_POINT('',(3.,37.));
#1397 = CARTESIAN_POINT('',(1.97258300203,37.));
#1398 = ( GEOMETRIC_REPRESENTATION_CONTEXT(2) 
PARAMETRIC_REPRESENTATION_CONTEXT() REPRESENTATION_CONTEXT('2D SPACE',''
  ) );
#1399 = ADVANCED_FACE('',(#1400),#303,.T.);
#1400 = FACE_BOUND('',#1401,.T.);
#1401 = EDGE_LOOP('',(#1402,#1403,#1424,#1443,#1444,#1445));
#1402 = ORIENTED_EDGE('',*,*,#685,.F.);
#1403 = ORIENTED_EDGE('',*,*,#1404,.F.);
#1404 = EDGE_CURVE('',#1405,#686,#1407,.T.);
#1405 = VERTEX_POINT('',#1406);
#1406 = CARTESIAN_POINT('',(11.55,2.,-1.02741699797));
#1407 = SURFACE_CURVE('',#1408,(#1412,#1418),.PCURVE_S1.);
#1408 = LINE('',#1409,#1410);
#1409 = CARTESIAN_POINT('',(11.55,2.,-9.));
#1410 = VECTOR('',#1411,1.);
#1411 = DIRECTION('',(-0.,0.,-1.));
#1412 = PCURVE('',#303,#1413);
#1413 = DEFINITIONAL_REPRESENTATION('',(#1414),#1417);
#1414 = B_SPLINE_CURVE_WITH_KNOTS('',1,(#1415,#1416),.UNSPECIFIED.,.F.,
  .F.,(2,2),(-9.,-6.),.PIECEWISE_BEZIER_KNOTS.);
#1415 = CARTESIAN_POINT('',(3.,32.55));
#1416 = CARTESIAN_POINT('',(0.,32.55));
#1417 = ( GEOMETRIC_REPRESENTATION_CONTEXT(2) 
PARAMETRIC_REPRESENTATION_CONTEXT() REPRESENTATION_CONTEXT('2D SPACE',''
  ) );
#1418 = PCURVE('',#723,#1419);
#1419 = DEFINITIONAL_REPRESENTATION('',(#1420),#1423);
#1420 = B_SPLINE_CURVE_WITH_KNOTS('',1,(#1421,#1422),.UNSPECIFIED.,.F.,
  .F.,(2,2),(-9.,-6.),.PIECEWISE_BEZIER_KNOTS.);
#1421 = CARTESIAN_POINT('',(15.,-4.));
#1422 = CARTESIAN_POINT('',(12.,-4.));
#1423 = ( GEOMETRIC_REPRESENTATION_CONTEXT(2) 
PARAMETRIC_REPRESENTATION_CONTEXT() REPRESENTATION_CONTEXT('2D SPACE',''
  ) );
#1424 = ORIENTED_EDGE('',*,*,#1425,.T.);
#1425 = EDGE_CURVE('',#1405,#1285,#1426,.T.);
#1426 = SURFACE_CURVE('',#1427,(#1431,#1437),.PCURVE_S1.);
#1427 = LINE('',#1428,#1429);
#1428 = CARTESIAN_POINT('',(-18.5,2.,-1.02741699797));
#1429 = VECTOR('',#1430,1.);
#1430 = DIRECTION('',(1.,0.,-0.));
#1431 = PCURVE('',#303,#1432);
#1432 = DEFINITIONAL_REPRESENTATION('',(#1433),#1436);
#1433 = B_SPLINE_CURVE_WITH_KNOTS('',1,(#1434,#1435),.UNSPECIFIED.,.F.,
  .F.,(2,2),(30.05,34.5),.PIECEWISE_BEZIER_KNOTS.);
#1434 = CARTESIAN_POINT('',(1.97258300203,32.55));
#1435 = CARTESIAN_POINT('',(1.97258300203,37.));
#1436 = ( GEOMETRIC_REPRESENTATION_CONTEXT(2) 
PARAMETRIC_REPRESENTATION_CONTEXT() REPRESENTATION_CONTEXT('2D SPACE',''
  ) );
#1437 = PCURVE('',#1300,#1438);
#1438 = DEFINITIONAL_REPRESENTATION('',(#1439),#1442);
#1439 = B_SPLINE_CURVE_WITH_KNOTS('',1,(#1440,#1441),.UNSPECIFIED.,.F.,
  .F.,(2,2),(30.05,34.5),.PIECEWISE_BEZIER_KNOTS.);
#1440 = CARTESIAN_POINT('',(1.480613254816,27.55));
#1441 = CARTESIAN_POINT('',(1.480613254816,32.));
#1442 = ( GEOMETRIC_REPRESENTATION_CONTEXT(2) 
PARAMETRIC_REPRESENTATION_CONTEXT() REPRESENTATION_CONTEXT('2D SPACE',''
  ) );
#1443 = ORIENTED_EDGE('',*,*,#1381,.F.);
#1444 = ORIENTED_EDGE('',*,*,#287,.T.);
#1445 = ORIENTED_EDGE('',*,*,#836,.F.);
#1446 = ADVANCED_FACE('',(#1447),#514,.F.);
#1447 = FACE_BOUND('',#1448,.F.);
#1448 = EDGE_LOOP('',(#1449,#1450,#1471,#1472));
#1449 = ORIENTED_EDGE('',*,*,#497,.F.);
#1450 = ORIENTED_EDGE('',*,*,#1451,.F.);
#1451 = EDGE_CURVE('',#782,#498,#1452,.T.);
#1452 = SEAM_CURVE('',#1453,(#1457,#1464),.PCURVE_S1.);
#1453 = LINE('',#1454,#1455);
#1454 = CARTESIAN_POINT('',(-13.65,-13.,-7.5));
#1455 = VECTOR('',#1456,1.);
#1456 = DIRECTION('',(0.,0.,1.));
#1457 = PCURVE('',#514,#1458);
#1458 = DEFINITIONAL_REPRESENTATION('',(#1459),#1463);
#1459 = LINE('',#1460,#1461);
#1460 = CARTESIAN_POINT('',(6.28318530718,-0.));
#1461 = VECTOR('',#1462,1.);
#1462 = DIRECTION('',(0.,1.));
#1463 = ( GEOMETRIC_REPRESENTATION_CONTEXT(2) 
PARAMETRIC_REPRESENTATION_CONTEXT() REPRESENTATION_CONTEXT('2D SPACE',''
  ) );
#1464 = PCURVE('',#514,#1465);
#1465 = DEFINITIONAL_REPRESENTATION('',(#1466),#1470);
#1466 = LINE('',#1467,#1468);
#1467 = CARTESIAN_POINT('',(0.,-0.));
#1468 = VECTOR('',#1469,1.);
#1469 = DIRECTION('',(0.,1.));
#1470 = ( GEOMETRIC_REPRESENTATION_CONTEXT(2) 
PARAMETRIC_REPRESENTATION_CONTEXT() REPRESENTATION_CONTEXT('2D SPACE',''
  ) );
#1471 = ORIENTED_EDGE('',*,*,#781,.T.);
#1472 = ORIENTED_EDGE('',*,*,#1451,.T.);
#1473 = ADVANCED_FACE('',(#1474),#545,.F.);
#1474 = FACE_BOUND('',#1475,.F.);
#1475 = EDGE_LOOP('',(#1476,#1477,#1498,#1499));
#1476 = ORIENTED_EDGE('',*,*,#528,.F.);
#1477 = ORIENTED_EDGE('',*,*,#1478,.F.);
#1478 = EDGE_CURVE('',#808,#529,#1479,.T.);
#1479 = SEAM_CURVE('',#1480,(#1484,#1491),.PCURVE_S1.);
#1480 = LINE('',#1481,#1482);
#1481 = CARTESIAN_POINT('',(16.85,-13.,-7.5));
#1482 = VECTOR('',#1483,1.);
#1483 = DIRECTION('',(0.,0.,1.));
#1484 = PCURVE('',#545,#1485);
#1485 = DEFINITIONAL_REPRESENTATION('',(#1486),#1490);
#1486 = LINE('',#1487,#1488);
#1487 = CARTESIAN_POINT('',(6.28318530718,-0.));
#1488 = VECTOR('',#1489,1.);
#1489 = DIRECTION('',(0.,1.));
#1490 = ( GEOMETRIC_REPRESENTATION_CONTEXT(2) 
PARAMETRIC_REPRESENTATION_CONTEXT() REPRESENTATION_CONTEXT('2D SPACE',''
  ) );
#1491 = PCURVE('',#545,#1492);
#1492 = DEFINITIONAL_REPRESENTATION('',(#1493),#1497);
#1493 = LINE('',#1494,#1495);
#1494 = CARTESIAN_POINT('',(0.,-0.));
#1495 = VECTOR('',#1496,1.);
#1496 = DIRECTION('',(0.,1.));
#1497 = ( GEOMETRIC_REPRESENTATION_CONTEXT(2) 
PARAMETRIC_REPRESENTATION_CONTEXT() REPRESENTATION_CONTEXT('2D SPACE',''
  ) );
#1498 = ORIENTED_EDGE('',*,*,#807,.T.);
#1499 = ORIENTED_EDGE('',*,*,#1478,.T.);
#1500 = ADVANCED_FACE('',(#1501),#645,.F.);
#1501 = FACE_BOUND('',#1502,.F.);
#1502 = EDGE_LOOP('',(#1503,#1526,#1554,#1582,#1610,#1631,#1650,#1651));
#1503 = ORIENTED_EDGE('',*,*,#1504,.F.);
#1504 = EDGE_CURVE('',#1505,#735,#1507,.T.);
#1505 = VERTEX_POINT('',#1506);
#1506 = CARTESIAN_POINT('',(-11.55,-2.,-15.));
#1507 = SURFACE_CURVE('',#1508,(#1512,#1519),.PCURVE_S1.);
#1508 = LINE('',#1509,#1510);
#1509 = CARTESIAN_POINT('',(-11.55,-2.,-15.));
#1510 = VECTOR('',#1511,1.);
#1511 = DIRECTION('',(0.,0.,1.));
#1512 = PCURVE('',#645,#1513);
#1513 = DEFINITIONAL_REPRESENTATION('',(#1514),#1518);
#1514 = LINE('',#1515,#1516);
#1515 = CARTESIAN_POINT('',(0.,0.));
#1516 = VECTOR('',#1517,1.);
#1517 = DIRECTION('',(1.,0.));
#1518 = ( GEOMETRIC_REPRESENTATION_CONTEXT(2) 
PARAMETRIC_REPRESENTATION_CONTEXT() REPRESENTATION_CONTEXT('2D SPACE',''
  ) );
#1519 = PCURVE('',#749,#1520);
#1520 = DEFINITIONAL_REPRESENTATION('',(#1521),#1525);
#1521 = LINE('',#1522,#1523);
#1522 = CARTESIAN_POINT('',(0.,0.));
#1523 = VECTOR('',#1524,1.);
#1524 = DIRECTION('',(1.,0.));
#1525 = ( GEOMETRIC_REPRESENTATION_CONTEXT(2) 
PARAMETRIC_REPRESENTATION_CONTEXT() REPRESENTATION_CONTEXT('2D SPACE',''
  ) );
#1526 = ORIENTED_EDGE('',*,*,#1527,.T.);
#1527 = EDGE_CURVE('',#1505,#1528,#1530,.T.);
#1528 = VERTEX_POINT('',#1529);
#1529 = CARTESIAN_POINT('',(-11.55,18.,-15.));
#1530 = SURFACE_CURVE('',#1531,(#1535,#1542),.PCURVE_S1.);
#1531 = LINE('',#1532,#1533);
#1532 = CARTESIAN_POINT('',(-11.55,-2.,-15.));
#1533 = VECTOR('',#1534,1.);
#1534 = DIRECTION('',(-0.,1.,0.));
#1535 = PCURVE('',#645,#1536);
#1536 = DEFINITIONAL_REPRESENTATION('',(#1537),#1541);
#1537 = LINE('',#1538,#1539);
#1538 = CARTESIAN_POINT('',(0.,0.));
#1539 = VECTOR('',#1540,1.);
#1540 = DIRECTION('',(0.,-1.));
#1541 = ( GEOMETRIC_REPRESENTATION_CONTEXT(2) 
PARAMETRIC_REPRESENTATION_CONTEXT() REPRESENTATION_CONTEXT('2D SPACE',''
  ) );
#1542 = PCURVE('',#1543,#1548);
#1543 = PLANE('',#1544);
#1544 = AXIS2_PLACEMENT_3D('',#1545,#1546,#1547);
#1545 = CARTESIAN_POINT('',(-11.55,-2.,-15.));
#1546 = DIRECTION('',(0.,0.,1.));
#1547 = DIRECTION('',(1.,0.,-0.));
#1548 = DEFINITIONAL_REPRESENTATION('',(#1549),#1553);
#1549 = LINE('',#1550,#1551);
#1550 = CARTESIAN_POINT('',(0.,0.));
#1551 = VECTOR('',#1552,1.);
#1552 = DIRECTION('',(0.,1.));
#1553 = ( GEOMETRIC_REPRESENTATION_CONTEXT(2) 
PARAMETRIC_REPRESENTATION_CONTEXT() REPRESENTATION_CONTEXT('2D SPACE',''
  ) );
#1554 = ORIENTED_EDGE('',*,*,#1555,.T.);
#1555 = EDGE_CURVE('',#1528,#1556,#1558,.T.);
#1556 = VERTEX_POINT('',#1557);
#1557 = CARTESIAN_POINT('',(-11.55,18.,1.));
#1558 = SURFACE_CURVE('',#1559,(#1563,#1570),.PCURVE_S1.);
#1559 = LINE('',#1560,#1561);
#1560 = CARTESIAN_POINT('',(-11.55,18.,-15.));
#1561 = VECTOR('',#1562,1.);
#1562 = DIRECTION('',(0.,0.,1.));
#1563 = PCURVE('',#645,#1564);
#1564 = DEFINITIONAL_REPRESENTATION('',(#1565),#1569);
#1565 = LINE('',#1566,#1567);
#1566 = CARTESIAN_POINT('',(0.,-20.));
#1567 = VECTOR('',#1568,1.);
#1568 = DIRECTION('',(1.,0.));
#1569 = ( GEOMETRIC_REPRESENTATION_CONTEXT(2) 
PARAMETRIC_REPRESENTATION_CONTEXT() REPRESENTATION_CONTEXT('2D SPACE',''
  ) );
#1570 = PCURVE('',#1571,#1576);
#1571 = PLANE('',#1572);
#1572 = AXIS2_PLACEMENT_3D('',#1573,#1574,#1575);
#1573 = CARTESIAN_POINT('',(-11.55,18.,-15.));
#1574 = DIRECTION('',(-0.,1.,0.));
#1575 = DIRECTION('',(0.,0.,1.));
#1576 = DEFINITIONAL_REPRESENTATION('',(#1577),#1581);
#1577 = LINE('',#1578,#1579);
#1578 = CARTESIAN_POINT('',(0.,0.));
#1579 = VECTOR('',#1580,1.);
#1580 = DIRECTION('',(1.,0.));
#1581 = ( GEOMETRIC_REPRESENTATION_CONTEXT(2) 
PARAMETRIC_REPRESENTATION_CONTEXT() REPRESENTATION_CONTEXT('2D SPACE',''
  ) );
#1582 = ORIENTED_EDGE('',*,*,#1583,.F.);
#1583 = EDGE_CURVE('',#1584,#1556,#1586,.T.);
#1584 = VERTEX_POINT('',#1585);
#1585 = CARTESIAN_POINT('',(-11.55,6.12132034356,1.));
#1586 = SURFACE_CURVE('',#1587,(#1591,#1598),.PCURVE_S1.);
#1587 = LINE('',#1588,#1589);
#1588 = CARTESIAN_POINT('',(-11.55,-2.,1.));
#1589 = VECTOR('',#1590,1.);
#1590 = DIRECTION('',(-0.,1.,0.));
#1591 = PCURVE('',#645,#1592);
#1592 = DEFINITIONAL_REPRESENTATION('',(#1593),#1597);
#1593 = LINE('',#1594,#1595);
#1594 = CARTESIAN_POINT('',(16.,0.));
#1595 = VECTOR('',#1596,1.);
#1596 = DIRECTION('',(0.,-1.));
#1597 = ( GEOMETRIC_REPRESENTATION_CONTEXT(2) 
PARAMETRIC_REPRESENTATION_CONTEXT() REPRESENTATION_CONTEXT('2D SPACE',''
  ) );
#1598 = PCURVE('',#1599,#1604);
#1599 = PLANE('',#1600);
#1600 = AXIS2_PLACEMENT_3D('',#1601,#1602,#1603);
#1601 = CARTESIAN_POINT('',(-11.55,-2.,1.));
#1602 = DIRECTION('',(0.,0.,1.));
#1603 = DIRECTION('',(1.,0.,-0.));
#1604 = DEFINITIONAL_REPRESENTATION('',(#1605),#1609);
#1605 = LINE('',#1606,#1607);
#1606 = CARTESIAN_POINT('',(0.,0.));
#1607 = VECTOR('',#1608,1.);
#1608 = DIRECTION('',(0.,1.));
#1609 = ( GEOMETRIC_REPRESENTATION_CONTEXT(2) 
PARAMETRIC_REPRESENTATION_CONTEXT() REPRESENTATION_CONTEXT('2D SPACE',''
  ) );
#1610 = ORIENTED_EDGE('',*,*,#1611,.T.);
#1611 = EDGE_CURVE('',#1584,#1612,#1614,.T.);
#1612 = VERTEX_POINT('',#1613);
#1613 = CARTESIAN_POINT('',(-11.55,3.046951672795,-2.074368670765));
#1614 = SURFACE_CURVE('',#1615,(#1619,#1625),.PCURVE_S1.);
#1615 = LINE('',#1616,#1617);
#1616 = CARTESIAN_POINT('',(-11.55,-1.446194077713,-6.567514421272));
#1617 = VECTOR('',#1618,1.);
#1618 = DIRECTION('',(0.,-0.707106781187,-0.707106781187));
#1619 = PCURVE('',#645,#1620);
#1620 = DEFINITIONAL_REPRESENTATION('',(#1621),#1624);
#1621 = B_SPLINE_CURVE_WITH_KNOTS('',1,(#1622,#1623),.UNSPECIFIED.,.F.,
  .F.,(2,2),(-10.70208152801,-6.354267658087),.PIECEWISE_BEZIER_KNOTS.);
#1622 = CARTESIAN_POINT('',(16.,-8.12132034356));
#1623 = CARTESIAN_POINT('',(12.925631329235,-5.046951672795));
#1624 = ( GEOMETRIC_REPRESENTATION_CONTEXT(2) 
PARAMETRIC_REPRESENTATION_CONTEXT() REPRESENTATION_CONTEXT('2D SPACE',''
  ) );
#1625 = PCURVE('',#900,#1626);
#1626 = DEFINITIONAL_REPRESENTATION('',(#1627),#1630);
#1627 = B_SPLINE_CURVE_WITH_KNOTS('',1,(#1628,#1629),.UNSPECIFIED.,.F.,
  .F.,(2,2),(-10.70208152801,-6.354267658087),.PIECEWISE_BEZIER_KNOTS.);
#1628 = CARTESIAN_POINT('',(4.45,4.34781386993));
#1629 = CARTESIAN_POINT('',(4.45,0.));
#1630 = ( GEOMETRIC_REPRESENTATION_CONTEXT(2) 
PARAMETRIC_REPRESENTATION_CONTEXT() REPRESENTATION_CONTEXT('2D SPACE',''
  ) );
#1631 = ORIENTED_EDGE('',*,*,#1632,.T.);
#1632 = EDGE_CURVE('',#1612,#607,#1633,.T.);
#1633 = SURFACE_CURVE('',#1634,(#1638,#1644),.PCURVE_S1.);
#1634 = LINE('',#1635,#1636);
#1635 = CARTESIAN_POINT('',(-11.55,5.016621586905,-4.044038584875));
#1636 = VECTOR('',#1637,1.);
#1637 = DIRECTION('',(0.,-0.707106781187,0.707106781187));
#1638 = PCURVE('',#645,#1639);
#1639 = DEFINITIONAL_REPRESENTATION('',(#1640),#1643);
#1640 = B_SPLINE_CURVE_WITH_KNOTS('',1,(#1641,#1642),.UNSPECIFIED.,.F.,
  .F.,(2,2),(2.785533905933,5.785533905933),.PIECEWISE_BEZIER_KNOTS.);
#1641 = CARTESIAN_POINT('',(12.925631329235,-5.046951672795));
#1642 = CARTESIAN_POINT('',(15.046951672795,-2.925631329235));
#1643 = ( GEOMETRIC_REPRESENTATION_CONTEXT(2) 
PARAMETRIC_REPRESENTATION_CONTEXT() REPRESENTATION_CONTEXT('2D SPACE',''
  ) );
#1644 = PCURVE('',#621,#1645);
#1645 = DEFINITIONAL_REPRESENTATION('',(#1646),#1649);
#1646 = B_SPLINE_CURVE_WITH_KNOTS('',1,(#1647,#1648),.UNSPECIFIED.,.F.,
  .F.,(2,2),(2.785533905933,5.785533905933),.PIECEWISE_BEZIER_KNOTS.);
#1647 = CARTESIAN_POINT('',(0.,4.45));
#1648 = CARTESIAN_POINT('',(3.,4.45));
#1649 = ( GEOMETRIC_REPRESENTATION_CONTEXT(2) 
PARAMETRIC_REPRESENTATION_CONTEXT() REPRESENTATION_CONTEXT('2D SPACE',''
  ) );
#1650 = ORIENTED_EDGE('',*,*,#632,.T.);
#1651 = ORIENTED_EDGE('',*,*,#760,.F.);
#1652 = ADVANCED_FACE('',(#1653),#621,.F.);
#1653 = FACE_BOUND('',#1654,.F.);
#1654 = EDGE_LOOP('',(#1655,#1676,#1677,#1678));
#1655 = ORIENTED_EDGE('',*,*,#1656,.F.);
#1656 = EDGE_CURVE('',#862,#1612,#1657,.T.);
#1657 = SURFACE_CURVE('',#1658,(#1662,#1669),.PCURVE_S1.);
#1658 = LINE('',#1659,#1660);
#1659 = CARTESIAN_POINT('',(-16.,3.046951672795,-2.074368670765));
#1660 = VECTOR('',#1661,1.);
#1661 = DIRECTION('',(1.,0.,0.));
#1662 = PCURVE('',#621,#1663);
#1663 = DEFINITIONAL_REPRESENTATION('',(#1664),#1668);
#1664 = LINE('',#1665,#1666);
#1665 = CARTESIAN_POINT('',(0.,0.));
#1666 = VECTOR('',#1667,1.);
#1667 = DIRECTION('',(0.,1.));
#1668 = ( GEOMETRIC_REPRESENTATION_CONTEXT(2) 
PARAMETRIC_REPRESENTATION_CONTEXT() REPRESENTATION_CONTEXT('2D SPACE',''
  ) );
#1669 = PCURVE('',#900,#1670);
#1670 = DEFINITIONAL_REPRESENTATION('',(#1671),#1675);
#1671 = LINE('',#1672,#1673);
#1672 = CARTESIAN_POINT('',(0.,0.));
#1673 = VECTOR('',#1674,1.);
#1674 = DIRECTION('',(1.,0.));
#1675 = ( GEOMETRIC_REPRESENTATION_CONTEXT(2) 
PARAMETRIC_REPRESENTATION_CONTEXT() REPRESENTATION_CONTEXT('2D SPACE',''
  ) );
#1676 = ORIENTED_EDGE('',*,*,#861,.T.);
#1677 = ORIENTED_EDGE('',*,*,#606,.T.);
#1678 = ORIENTED_EDGE('',*,*,#1632,.F.);
#1679 = ADVANCED_FACE('',(#1680),#749,.F.);
#1680 = FACE_BOUND('',#1681,.F.);
#1681 = EDGE_LOOP('',(#1682,#1705,#1726,#1727));
#1682 = ORIENTED_EDGE('',*,*,#1683,.F.);
#1683 = EDGE_CURVE('',#1684,#709,#1686,.T.);
#1684 = VERTEX_POINT('',#1685);
#1685 = CARTESIAN_POINT('',(11.55,-2.,-15.));
#1686 = SURFACE_CURVE('',#1687,(#1691,#1698),.PCURVE_S1.);
#1687 = LINE('',#1688,#1689);
#1688 = CARTESIAN_POINT('',(11.55,-2.,-15.));
#1689 = VECTOR('',#1690,1.);
#1690 = DIRECTION('',(0.,0.,1.));
#1691 = PCURVE('',#749,#1692);
#1692 = DEFINITIONAL_REPRESENTATION('',(#1693),#1697);
#1693 = LINE('',#1694,#1695);
#1694 = CARTESIAN_POINT('',(0.,23.1));
#1695 = VECTOR('',#1696,1.);
#1696 = DIRECTION('',(1.,0.));
#1697 = ( GEOMETRIC_REPRESENTATION_CONTEXT(2) 
PARAMETRIC_REPRESENTATION_CONTEXT() REPRESENTATION_CONTEXT('2D SPACE',''
  ) );
#1698 = PCURVE('',#723,#1699);
#1699 = DEFINITIONAL_REPRESENTATION('',(#1700),#1704);
#1700 = LINE('',#1701,#1702);
#1701 = CARTESIAN_POINT('',(0.,0.));
#1702 = VECTOR('',#1703,1.);
#1703 = DIRECTION('',(1.,0.));
#1704 = ( GEOMETRIC_REPRESENTATION_CONTEXT(2) 
PARAMETRIC_REPRESENTATION_CONTEXT() REPRESENTATION_CONTEXT('2D SPACE',''
  ) );
#1705 = ORIENTED_EDGE('',*,*,#1706,.F.);
#1706 = EDGE_CURVE('',#1505,#1684,#1707,.T.);
#1707 = SURFACE_CURVE('',#1708,(#1712,#1719),.PCURVE_S1.);
#1708 = LINE('',#1709,#1710);
#1709 = CARTESIAN_POINT('',(-11.55,-2.,-15.));
#1710 = VECTOR('',#1711,1.);
#1711 = DIRECTION('',(1.,0.,-0.));
#1712 = PCURVE('',#749,#1713);
#1713 = DEFINITIONAL_REPRESENTATION('',(#1714),#1718);
#1714 = LINE('',#1715,#1716);
#1715 = CARTESIAN_POINT('',(0.,0.));
#1716 = VECTOR('',#1717,1.);
#1717 = DIRECTION('',(0.,1.));
#1718 = ( GEOMETRIC_REPRESENTATION_CONTEXT(2) 
PARAMETRIC_REPRESENTATION_CONTEXT() REPRESENTATION_CONTEXT('2D SPACE',''
  ) );
#1719 = PCURVE('',#1543,#1720);
#1720 = DEFINITIONAL_REPRESENTATION('',(#1721),#1725);
#1721 = LINE('',#1722,#1723);
#1722 = CARTESIAN_POINT('',(0.,0.));
#1723 = VECTOR('',#1724,1.);
#1724 = DIRECTION('',(1.,0.));
#1725 = ( GEOMETRIC_REPRESENTATION_CONTEXT(2) 
PARAMETRIC_REPRESENTATION_CONTEXT() REPRESENTATION_CONTEXT('2D SPACE',''
  ) );
#1726 = ORIENTED_EDGE('',*,*,#1504,.T.);
#1727 = ORIENTED_EDGE('',*,*,#734,.F.);
#1728 = ADVANCED_FACE('',(#1729),#723,.T.);
#1729 = FACE_BOUND('',#1730,.T.);
#1730 = EDGE_LOOP('',(#1731,#1732,#1755,#1778,#1801,#1822,#1841,#1842));
#1731 = ORIENTED_EDGE('',*,*,#1683,.F.);
#1732 = ORIENTED_EDGE('',*,*,#1733,.T.);
#1733 = EDGE_CURVE('',#1684,#1734,#1736,.T.);
#1734 = VERTEX_POINT('',#1735);
#1735 = CARTESIAN_POINT('',(11.55,18.,-15.));
#1736 = SURFACE_CURVE('',#1737,(#1741,#1748),.PCURVE_S1.);
#1737 = LINE('',#1738,#1739);
#1738 = CARTESIAN_POINT('',(11.55,-2.,-15.));
#1739 = VECTOR('',#1740,1.);
#1740 = DIRECTION('',(-0.,1.,0.));
#1741 = PCURVE('',#723,#1742);
#1742 = DEFINITIONAL_REPRESENTATION('',(#1743),#1747);
#1743 = LINE('',#1744,#1745);
#1744 = CARTESIAN_POINT('',(0.,0.));
#1745 = VECTOR('',#1746,1.);
#1746 = DIRECTION('',(0.,-1.));
#1747 = ( GEOMETRIC_REPRESENTATION_CONTEXT(2) 
PARAMETRIC_REPRESENTATION_CONTEXT() REPRESENTATION_CONTEXT('2D SPACE',''
  ) );
#1748 = PCURVE('',#1543,#1749);
#1749 = DEFINITIONAL_REPRESENTATION('',(#1750),#1754);
#1750 = LINE('',#1751,#1752);
#1751 = CARTESIAN_POINT('',(23.1,0.));
#1752 = VECTOR('',#1753,1.);
#1753 = DIRECTION('',(0.,1.));
#1754 = ( GEOMETRIC_REPRESENTATION_CONTEXT(2) 
PARAMETRIC_REPRESENTATION_CONTEXT() REPRESENTATION_CONTEXT('2D SPACE',''
  ) );
#1755 = ORIENTED_EDGE('',*,*,#1756,.T.);
#1756 = EDGE_CURVE('',#1734,#1757,#1759,.T.);
#1757 = VERTEX_POINT('',#1758);
#1758 = CARTESIAN_POINT('',(11.55,18.,1.));
#1759 = SURFACE_CURVE('',#1760,(#1764,#1771),.PCURVE_S1.);
#1760 = LINE('',#1761,#1762);
#1761 = CARTESIAN_POINT('',(11.55,18.,-15.));
#1762 = VECTOR('',#1763,1.);
#1763 = DIRECTION('',(0.,0.,1.));
#1764 = PCURVE('',#723,#1765);
#1765 = DEFINITIONAL_REPRESENTATION('',(#1766),#1770);
#1766 = LINE('',#1767,#1768);
#1767 = CARTESIAN_POINT('',(0.,-20.));
#1768 = VECTOR('',#1769,1.);
#1769 = DIRECTION('',(1.,0.));
#1770 = ( GEOMETRIC_REPRESENTATION_CONTEXT(2) 
PARAMETRIC_REPRESENTATION_CONTEXT() REPRESENTATION_CONTEXT('2D SPACE',''
  ) );
#1771 = PCURVE('',#1571,#1772);
#1772 = DEFINITIONAL_REPRESENTATION('',(#1773),#1777);
#1773 = LINE('',#1774,#1775);
#1774 = CARTESIAN_POINT('',(0.,23.1));
#1775 = VECTOR('',#1776,1.);
#1776 = DIRECTION('',(1.,0.));
#1777 = ( GEOMETRIC_REPRESENTATION_CONTEXT(2) 
PARAMETRIC_REPRESENTATION_CONTEXT() REPRESENTATION_CONTEXT('2D SPACE',''
  ) );
#1778 = ORIENTED_EDGE('',*,*,#1779,.F.);
#1779 = EDGE_CURVE('',#1780,#1757,#1782,.T.);
#1780 = VERTEX_POINT('',#1781);
#1781 = CARTESIAN_POINT('',(11.55,6.12132034356,1.));
#1782 = SURFACE_CURVE('',#1783,(#1787,#1794),.PCURVE_S1.);
#1783 = LINE('',#1784,#1785);
#1784 = CARTESIAN_POINT('',(11.55,-2.,1.));
#1785 = VECTOR('',#1786,1.);
#1786 = DIRECTION('',(-0.,1.,0.));
#1787 = PCURVE('',#723,#1788);
#1788 = DEFINITIONAL_REPRESENTATION('',(#1789),#1793);
#1789 = LINE('',#1790,#1791);
#1790 = CARTESIAN_POINT('',(16.,0.));
#1791 = VECTOR('',#1792,1.);
#1792 = DIRECTION('',(0.,-1.));
#1793 = ( GEOMETRIC_REPRESENTATION_CONTEXT(2) 
PARAMETRIC_REPRESENTATION_CONTEXT() REPRESENTATION_CONTEXT('2D SPACE',''
  ) );
#1794 = PCURVE('',#1599,#1795);
#1795 = DEFINITIONAL_REPRESENTATION('',(#1796),#1800);
#1796 = LINE('',#1797,#1798);
#1797 = CARTESIAN_POINT('',(23.1,0.));
#1798 = VECTOR('',#1799,1.);
#1799 = DIRECTION('',(0.,1.));
#1800 = ( GEOMETRIC_REPRESENTATION_CONTEXT(2) 
PARAMETRIC_REPRESENTATION_CONTEXT() REPRESENTATION_CONTEXT('2D SPACE',''
  ) );
#1801 = ORIENTED_EDGE('',*,*,#1802,.T.);
#1802 = EDGE_CURVE('',#1780,#1803,#1805,.T.);
#1803 = VERTEX_POINT('',#1804);
#1804 = CARTESIAN_POINT('',(11.55,3.046951672795,-2.074368670765));
#1805 = SURFACE_CURVE('',#1806,(#1810,#1816),.PCURVE_S1.);
#1806 = LINE('',#1807,#1808);
#1807 = CARTESIAN_POINT('',(11.55,-1.446194077713,-6.567514421272));
#1808 = VECTOR('',#1809,1.);
#1809 = DIRECTION('',(0.,-0.707106781187,-0.707106781187));
#1810 = PCURVE('',#723,#1811);
#1811 = DEFINITIONAL_REPRESENTATION('',(#1812),#1815);
#1812 = B_SPLINE_CURVE_WITH_KNOTS('',1,(#1813,#1814),.UNSPECIFIED.,.F.,
  .F.,(2,2),(-10.70208152801,-6.354267658087),.PIECEWISE_BEZIER_KNOTS.);
#1813 = CARTESIAN_POINT('',(16.,-8.12132034356));
#1814 = CARTESIAN_POINT('',(12.925631329235,-5.046951672795));
#1815 = ( GEOMETRIC_REPRESENTATION_CONTEXT(2) 
PARAMETRIC_REPRESENTATION_CONTEXT() REPRESENTATION_CONTEXT('2D SPACE',''
  ) );
#1816 = PCURVE('',#900,#1817);
#1817 = DEFINITIONAL_REPRESENTATION('',(#1818),#1821);
#1818 = B_SPLINE_CURVE_WITH_KNOTS('',1,(#1819,#1820),.UNSPECIFIED.,.F.,
  .F.,(2,2),(-10.70208152801,-6.354267658087),.PIECEWISE_BEZIER_KNOTS.);
#1819 = CARTESIAN_POINT('',(27.55,4.34781386993));
#1820 = CARTESIAN_POINT('',(27.55,0.));
#1821 = ( GEOMETRIC_REPRESENTATION_CONTEXT(2) 
PARAMETRIC_REPRESENTATION_CONTEXT() REPRESENTATION_CONTEXT('2D SPACE',''
  ) );
#1822 = ORIENTED_EDGE('',*,*,#1823,.T.);
#1823 = EDGE_CURVE('',#1803,#1405,#1824,.T.);
#1824 = SURFACE_CURVE('',#1825,(#1829,#1835),.PCURVE_S1.);
#1825 = LINE('',#1826,#1827);
#1826 = CARTESIAN_POINT('',(11.55,5.016621586905,-4.044038584875));
#1827 = VECTOR('',#1828,1.);
#1828 = DIRECTION('',(0.,-0.707106781187,0.707106781187));
#1829 = PCURVE('',#723,#1830);
#1830 = DEFINITIONAL_REPRESENTATION('',(#1831),#1834);
#1831 = B_SPLINE_CURVE_WITH_KNOTS('',1,(#1832,#1833),.UNSPECIFIED.,.F.,
  .F.,(2,2),(2.785533905933,5.785533905933),.PIECEWISE_BEZIER_KNOTS.);
#1832 = CARTESIAN_POINT('',(12.925631329235,-5.046951672795));
#1833 = CARTESIAN_POINT('',(15.046951672795,-2.925631329235));
#1834 = ( GEOMETRIC_REPRESENTATION_CONTEXT(2) 
PARAMETRIC_REPRESENTATION_CONTEXT() REPRESENTATION_CONTEXT('2D SPACE',''
  ) );
#1835 = PCURVE('',#1300,#1836);
#1836 = DEFINITIONAL_REPRESENTATION('',(#1837),#1840);
#1837 = B_SPLINE_CURVE_WITH_KNOTS('',1,(#1838,#1839),.UNSPECIFIED.,.F.,
  .F.,(2,2),(2.785533905933,5.785533905933),.PIECEWISE_BEZIER_KNOTS.);
#1838 = CARTESIAN_POINT('',(0.,27.55));
#1839 = CARTESIAN_POINT('',(3.,27.55));
#1840 = ( GEOMETRIC_REPRESENTATION_CONTEXT(2) 
PARAMETRIC_REPRESENTATION_CONTEXT() REPRESENTATION_CONTEXT('2D SPACE',''
  ) );
#1841 = ORIENTED_EDGE('',*,*,#1404,.T.);
#1842 = ORIENTED_EDGE('',*,*,#708,.F.);
#1843 = ADVANCED_FACE('',(#1844,#1892,#1923,#1954,#1985,#2091),#956,.T.
  );
#1844 = FACE_BOUND('',#1845,.T.);
#1845 = EDGE_LOOP('',(#1846,#1867,#1868,#1869,#1870,#1889,#1890,#1891));
#1846 = ORIENTED_EDGE('',*,*,#1847,.F.);
#1847 = EDGE_CURVE('',#913,#1336,#1848,.T.);
#1848 = SURFACE_CURVE('',#1849,(#1853,#1860),.PCURVE_S1.);
#1849 = LINE('',#1850,#1851);
#1850 = CARTESIAN_POINT('',(-16.,23.553048327205,22.674368670765));
#1851 = VECTOR('',#1852,1.);
#1852 = DIRECTION('',(1.,0.,0.));
#1853 = PCURVE('',#956,#1854);
#1854 = DEFINITIONAL_REPRESENTATION('',(#1855),#1859);
#1855 = LINE('',#1856,#1857);
#1856 = CARTESIAN_POINT('',(0.,32.));
#1857 = VECTOR('',#1858,1.);
#1858 = DIRECTION('',(1.,0.));
#1859 = ( GEOMETRIC_REPRESENTATION_CONTEXT(2) 
PARAMETRIC_REPRESENTATION_CONTEXT() REPRESENTATION_CONTEXT('2D SPACE',''
  ) );
#1860 = PCURVE('',#928,#1861);
#1861 = DEFINITIONAL_REPRESENTATION('',(#1862),#1866);
#1862 = LINE('',#1863,#1864);
#1863 = CARTESIAN_POINT('',(3.,0.));
#1864 = VECTOR('',#1865,1.);
#1865 = DIRECTION('',(0.,1.));
#1866 = ( GEOMETRIC_REPRESENTATION_CONTEXT(2) 
PARAMETRIC_REPRESENTATION_CONTEXT() REPRESENTATION_CONTEXT('2D SPACE',''
  ) );
#1867 = ORIENTED_EDGE('',*,*,#940,.F.);
#1868 = ORIENTED_EDGE('',*,*,#996,.T.);
#1869 = ORIENTED_EDGE('',*,*,#1041,.F.);
#1870 = ORIENTED_EDGE('',*,*,#1871,.T.);
#1871 = EDGE_CURVE('',#1042,#1166,#1872,.T.);
#1872 = SURFACE_CURVE('',#1873,(#1877,#1883),.PCURVE_S1.);
#1873 = LINE('',#1874,#1875);
#1874 = CARTESIAN_POINT('',(-13.775,1.87867965644,1.));
#1875 = VECTOR('',#1876,1.);
#1876 = DIRECTION('',(1.,0.,-0.));
#1877 = PCURVE('',#956,#1878);
#1878 = DEFINITIONAL_REPRESENTATION('',(#1879),#1882);
#1879 = B_SPLINE_CURVE_WITH_KNOTS('',1,(#1880,#1881),.UNSPECIFIED.,.F.,
  .F.,(2,2),(2.225,25.325),.PIECEWISE_BEZIER_KNOTS.);
#1880 = CARTESIAN_POINT('',(4.45,1.34781386993));
#1881 = CARTESIAN_POINT('',(27.55,1.34781386993));
#1882 = ( GEOMETRIC_REPRESENTATION_CONTEXT(2) 
PARAMETRIC_REPRESENTATION_CONTEXT() REPRESENTATION_CONTEXT('2D SPACE',''
  ) );
#1883 = PCURVE('',#1078,#1884);
#1884 = DEFINITIONAL_REPRESENTATION('',(#1885),#1888);
#1885 = B_SPLINE_CURVE_WITH_KNOTS('',1,(#1886,#1887),.UNSPECIFIED.,.F.,
  .F.,(2,2),(2.225,25.325),.PIECEWISE_BEZIER_KNOTS.);
#1886 = CARTESIAN_POINT('',(0.,3.87867965644));
#1887 = CARTESIAN_POINT('',(23.1,3.87867965644));
#1888 = ( GEOMETRIC_REPRESENTATION_CONTEXT(2) 
PARAMETRIC_REPRESENTATION_CONTEXT() REPRESENTATION_CONTEXT('2D SPACE',''
  ) );
#1889 = ORIENTED_EDGE('',*,*,#1165,.T.);
#1890 = ORIENTED_EDGE('',*,*,#1258,.T.);
#1891 = ORIENTED_EDGE('',*,*,#1358,.T.);
#1892 = FACE_BOUND('',#1893,.T.);
#1893 = EDGE_LOOP('',(#1894));
#1894 = ORIENTED_EDGE('',*,*,#1895,.F.);
#1895 = EDGE_CURVE('',#1896,#1896,#1898,.T.);
#1896 = VERTEX_POINT('',#1897);
#1897 = CARTESIAN_POINT('',(-8.,5.733957441304,4.855277784864));
#1898 = SURFACE_CURVE('',#1899,(#1904,#1911),.PCURVE_S1.);
#1899 = CIRCLE('',#1900,1.2);
#1900 = AXIS2_PLACEMENT_3D('',#1901,#1902,#1903);
#1901 = CARTESIAN_POINT('',(-9.2,5.733957441304,4.855277784864));
#1902 = DIRECTION('',(0.,-0.707106781187,0.707106781187));
#1903 = DIRECTION('',(1.,0.,0.));
#1904 = PCURVE('',#956,#1905);
#1905 = DEFINITIONAL_REPRESENTATION('',(#1906),#1910);
#1906 = CIRCLE('',#1907,1.2);
#1907 = AXIS2_PLACEMENT_2D('',#1908,#1909);
#1908 = CARTESIAN_POINT('',(6.8,6.8));
#1909 = DIRECTION('',(1.,0.));
#1910 = ( GEOMETRIC_REPRESENTATION_CONTEXT(2) 
PARAMETRIC_REPRESENTATION_CONTEXT() REPRESENTATION_CONTEXT('2D SPACE',''
  ) );
#1911 = PCURVE('',#1912,#1917);
#1912 = CYLINDRICAL_SURFACE('',#1913,1.2);
#1913 = AXIS2_PLACEMENT_3D('',#1914,#1915,#1916);
#1914 = CARTESIAN_POINT('',(-9.2,11.037258300203,-0.448023074036));
#1915 = DIRECTION('',(0.,-0.707106781187,0.707106781187));
#1916 = DIRECTION('',(1.,0.,0.));
#1917 = DEFINITIONAL_REPRESENTATION('',(#1918),#1922);
#1918 = LINE('',#1919,#1920);
#1919 = CARTESIAN_POINT('',(0.,7.5));
#1920 = VECTOR('',#1921,1.);
#1921 = DIRECTION('',(1.,0.));
#1922 = ( GEOMETRIC_REPRESENTATION_CONTEXT(2) 
PARAMETRIC_REPRESENTATION_CONTEXT() REPRESENTATION_CONTEXT('2D SPACE',''
  ) );
#1923 = FACE_BOUND('',#1924,.T.);
#1924 = EDGE_LOOP('',(#1925));
#1925 = ORIENTED_EDGE('',*,*,#1926,.F.);
#1926 = EDGE_CURVE('',#1927,#1927,#1929,.T.);
#1927 = VERTEX_POINT('',#1928);
#1928 = CARTESIAN_POINT('',(10.4,5.733957441304,4.855277784864));
#1929 = SURFACE_CURVE('',#1930,(#1935,#1942),.PCURVE_S1.);
#1930 = CIRCLE('',#1931,1.2);
#1931 = AXIS2_PLACEMENT_3D('',#1932,#1933,#1934);
#1932 = CARTESIAN_POINT('',(9.2,5.733957441304,4.855277784864));
#1933 = DIRECTION('',(0.,-0.707106781187,0.707106781187));
#1934 = DIRECTION('',(1.,0.,0.));
#1935 = PCURVE('',#956,#1936);
#1936 = DEFINITIONAL_REPRESENTATION('',(#1937),#1941);
#1937 = CIRCLE('',#1938,1.2);
#1938 = AXIS2_PLACEMENT_2D('',#1939,#1940);
#1939 = CARTESIAN_POINT('',(25.2,6.8));
#1940 = DIRECTION('',(1.,0.));
#1941 = ( GEOMETRIC_REPRESENTATION_CONTEXT(2) 
PARAMETRIC_REPRESENTATION_CONTEXT() REPRESENTATION_CONTEXT('2D SPACE',''
  ) );
#1942 = PCURVE('',#1943,#1948);
#1943 = CYLINDRICAL_SURFACE('',#1944,1.2);
#1944 = AXIS2_PLACEMENT_3D('',#1945,#1946,#1947);
#1945 = CARTESIAN_POINT('',(9.2,11.037258300203,-0.448023074036));
#1946 = DIRECTION('',(0.,-0.707106781187,0.707106781187));
#1947 = DIRECTION('',(1.,0.,0.));
#1948 = DEFINITIONAL_REPRESENTATION('',(#1949),#1953);
#1949 = LINE('',#1950,#1951);
#1950 = CARTESIAN_POINT('',(0.,7.5));
#1951 = VECTOR('',#1952,1.);
#1952 = DIRECTION('',(1.,0.));
#1953 = ( GEOMETRIC_REPRESENTATION_CONTEXT(2) 
PARAMETRIC_REPRESENTATION_CONTEXT() REPRESENTATION_CONTEXT('2D SPACE',''
  ) );
#1954 = FACE_BOUND('',#1955,.T.);
#1955 = EDGE_LOOP('',(#1956));
#1956 = ORIENTED_EDGE('',*,*,#1957,.F.);
#1957 = EDGE_CURVE('',#1958,#1958,#1960,.T.);
#1958 = VERTEX_POINT('',#1959);
#1959 = CARTESIAN_POINT('',(-8.,18.744722215136,17.866042558696));
#1960 = SURFACE_CURVE('',#1961,(#1966,#1973),.PCURVE_S1.);
#1961 = CIRCLE('',#1962,1.2);
#1962 = AXIS2_PLACEMENT_3D('',#1963,#1964,#1965);
#1963 = CARTESIAN_POINT('',(-9.2,18.744722215136,17.866042558696));
#1964 = DIRECTION('',(0.,-0.707106781187,0.707106781187));
#1965 = DIRECTION('',(1.,0.,0.));
#1966 = PCURVE('',#956,#1967);
#1967 = DEFINITIONAL_REPRESENTATION('',(#1968),#1972);
#1968 = CIRCLE('',#1969,1.2);
#1969 = AXIS2_PLACEMENT_2D('',#1970,#1971);
#1970 = CARTESIAN_POINT('',(6.8,25.2));
#1971 = DIRECTION('',(1.,0.));
#1972 = ( GEOMETRIC_REPRESENTATION_CONTEXT(2) 
PARAMETRIC_REPRESENTATION_CONTEXT() REPRESENTATION_CONTEXT('2D SPACE',''
  ) );
#1973 = PCURVE('',#1974,#1979);
#1974 = CYLINDRICAL_SURFACE('',#1975,1.2);
#1975 = AXIS2_PLACEMENT_3D('',#1976,#1977,#1978);
#1976 = CARTESIAN_POINT('',(-9.2,24.048023074036,12.562741699797));
#1977 = DIRECTION('',(0.,-0.707106781187,0.707106781187));
#1978 = DIRECTION('',(1.,0.,0.));
#1979 = DEFINITIONAL_REPRESENTATION('',(#1980),#1984);
#1980 = LINE('',#1981,#1982);
#1981 = CARTESIAN_POINT('',(0.,7.5));
#1982 = VECTOR('',#1983,1.);
#1983 = DIRECTION('',(1.,0.));
#1984 = ( GEOMETRIC_REPRESENTATION_CONTEXT(2) 
PARAMETRIC_REPRESENTATION_CONTEXT() REPRESENTATION_CONTEXT('2D SPACE',''
  ) );
#1985 = FACE_BOUND('',#1986,.T.);
#1986 = EDGE_LOOP('',(#1987,#2015,#2041,#2067));
#1987 = ORIENTED_EDGE('',*,*,#1988,.T.);
#1988 = EDGE_CURVE('',#1989,#1991,#1993,.T.);
#1989 = VERTEX_POINT('',#1990);
#1990 = CARTESIAN_POINT('',(8.,9.410912703474,8.532233047034));
#1991 = VERTEX_POINT('',#1992);
#1992 = CARTESIAN_POINT('',(-8.,9.410912703474,8.532233047034));
#1993 = SURFACE_CURVE('',#1994,(#1998,#2004),.PCURVE_S1.);
#1994 = LINE('',#1995,#1996);
#1995 = CARTESIAN_POINT('',(-12.,9.410912703474,8.532233047034));
#1996 = VECTOR('',#1997,1.);
#1997 = DIRECTION('',(-1.,-0.,0.));
#1998 = PCURVE('',#956,#1999);
#1999 = DEFINITIONAL_REPRESENTATION('',(#2000),#2003);
#2000 = B_SPLINE_CURVE_WITH_KNOTS('',1,(#2001,#2002),.UNSPECIFIED.,.F.,
  .F.,(2,2),(-20.,-4.),.PIECEWISE_BEZIER_KNOTS.);
#2001 = CARTESIAN_POINT('',(24.,12.));
#2002 = CARTESIAN_POINT('',(8.,12.));
#2003 = ( GEOMETRIC_REPRESENTATION_CONTEXT(2) 
PARAMETRIC_REPRESENTATION_CONTEXT() REPRESENTATION_CONTEXT('2D SPACE',''
  ) );
#2004 = PCURVE('',#2005,#2010);
#2005 = PLANE('',#2006);
#2006 = AXIS2_PLACEMENT_3D('',#2007,#2008,#2009);
#2007 = CARTESIAN_POINT('',(-8.,14.714213562373,3.228932188135));
#2008 = DIRECTION('',(0.,0.707106781187,0.707106781187));
#2009 = DIRECTION('',(0.,-0.707106781187,0.707106781187));
#2010 = DEFINITIONAL_REPRESENTATION('',(#2011),#2014);
#2011 = B_SPLINE_CURVE_WITH_KNOTS('',1,(#2012,#2013),.UNSPECIFIED.,.F.,
  .F.,(2,2),(-20.,-4.),.PIECEWISE_BEZIER_KNOTS.);
#2012 = CARTESIAN_POINT('',(7.5,16.));
#2013 = CARTESIAN_POINT('',(7.5,0.));
#2014 = ( GEOMETRIC_REPRESENTATION_CONTEXT(2) 
PARAMETRIC_REPRESENTATION_CONTEXT() REPRESENTATION_CONTEXT('2D SPACE',''
  ) );
#2015 = ORIENTED_EDGE('',*,*,#2016,.T.);
#2016 = EDGE_CURVE('',#1991,#2017,#2019,.T.);
#2017 = VERTEX_POINT('',#2018);
#2018 = CARTESIAN_POINT('',(-8.,15.067766952966,14.189087296526));
#2019 = SURFACE_CURVE('',#2020,(#2024,#2030),.PCURVE_S1.);
#2020 = LINE('',#2021,#2022);
#2021 = CARTESIAN_POINT('',(-8.,5.168272016355,4.289592359914));
#2022 = VECTOR('',#2023,1.);
#2023 = DIRECTION('',(0.,0.707106781187,0.707106781187));
#2024 = PCURVE('',#956,#2025);
#2025 = DEFINITIONAL_REPRESENTATION('',(#2026),#2029);
#2026 = B_SPLINE_CURVE_WITH_KNOTS('',1,(#2027,#2028),.UNSPECIFIED.,.F.,
  .F.,(2,2),(6.,14.),.PIECEWISE_BEZIER_KNOTS.);
#2027 = CARTESIAN_POINT('',(8.,12.));
#2028 = CARTESIAN_POINT('',(8.,20.));
#2029 = ( GEOMETRIC_REPRESENTATION_CONTEXT(2) 
PARAMETRIC_REPRESENTATION_CONTEXT() REPRESENTATION_CONTEXT('2D SPACE',''
  ) );
#2030 = PCURVE('',#2031,#2036);
#2031 = PLANE('',#2032);
#2032 = AXIS2_PLACEMENT_3D('',#2033,#2034,#2035);
#2033 = CARTESIAN_POINT('',(-8.,14.714213562373,3.228932188135));
#2034 = DIRECTION('',(1.,0.,0.));
#2035 = DIRECTION('',(0.,-0.707106781187,0.707106781187));
#2036 = DEFINITIONAL_REPRESENTATION('',(#2037),#2040);
#2037 = B_SPLINE_CURVE_WITH_KNOTS('',1,(#2038,#2039),.UNSPECIFIED.,.F.,
  .F.,(2,2),(6.,14.),.PIECEWISE_BEZIER_KNOTS.);
#2038 = CARTESIAN_POINT('',(7.5,0.));
#2039 = CARTESIAN_POINT('',(7.5,-8.));
#2040 = ( GEOMETRIC_REPRESENTATION_CONTEXT(2) 
PARAMETRIC_REPRESENTATION_CONTEXT() REPRESENTATION_CONTEXT('2D SPACE',''
  ) );
#2041 = ORIENTED_EDGE('',*,*,#2042,.F.);
#2042 = EDGE_CURVE('',#2043,#2017,#2045,.T.);
#2043 = VERTEX_POINT('',#2044);
#2044 = CARTESIAN_POINT('',(8.,15.067766952966,14.189087296526));
#2045 = SURFACE_CURVE('',#2046,(#2050,#2056),.PCURVE_S1.);
#2046 = LINE('',#2047,#2048);
#2047 = CARTESIAN_POINT('',(-12.,15.067766952966,14.189087296526));
#2048 = VECTOR('',#2049,1.);
#2049 = DIRECTION('',(-1.,-0.,0.));
#2050 = PCURVE('',#956,#2051);
#2051 = DEFINITIONAL_REPRESENTATION('',(#2052),#2055);
#2052 = B_SPLINE_CURVE_WITH_KNOTS('',1,(#2053,#2054),.UNSPECIFIED.,.F.,
  .F.,(2,2),(-20.,-4.),.PIECEWISE_BEZIER_KNOTS.);
#2053 = CARTESIAN_POINT('',(24.,20.));
#2054 = CARTESIAN_POINT('',(8.,20.));
#2055 = ( GEOMETRIC_REPRESENTATION_CONTEXT(2) 
PARAMETRIC_REPRESENTATION_CONTEXT() REPRESENTATION_CONTEXT('2D SPACE',''
  ) );
#2056 = PCURVE('',#2057,#2062);
#2057 = PLANE('',#2058);
#2058 = AXIS2_PLACEMENT_3D('',#2059,#2060,#2061);
#2059 = CARTESIAN_POINT('',(-8.,20.371067811865,8.885786437627));
#2060 = DIRECTION('',(0.,0.707106781187,0.707106781187));
#2061 = DIRECTION('',(0.,-0.707106781187,0.707106781187));
#2062 = DEFINITIONAL_REPRESENTATION('',(#2063),#2066);
#2063 = B_SPLINE_CURVE_WITH_KNOTS('',1,(#2064,#2065),.UNSPECIFIED.,.F.,
  .F.,(2,2),(-20.,-4.),.PIECEWISE_BEZIER_KNOTS.);
#2064 = CARTESIAN_POINT('',(7.5,16.));
#2065 = CARTESIAN_POINT('',(7.5,0.));
#2066 = ( GEOMETRIC_REPRESENTATION_CONTEXT(2) 
PARAMETRIC_REPRESENTATION_CONTEXT() REPRESENTATION_CONTEXT('2D SPACE',''
  ) );
#2067 = ORIENTED_EDGE('',*,*,#2068,.F.);
#2068 = EDGE_CURVE('',#1989,#2043,#2069,.T.);
#2069 = SURFACE_CURVE('',#2070,(#2074,#2080),.PCURVE_S1.);
#2070 = LINE('',#2071,#2072);
#2071 = CARTESIAN_POINT('',(8.,5.168272016355,4.289592359914));
#2072 = VECTOR('',#2073,1.);
#2073 = DIRECTION('',(0.,0.707106781187,0.707106781187));
#2074 = PCURVE('',#956,#2075);
#2075 = DEFINITIONAL_REPRESENTATION('',(#2076),#2079);
#2076 = B_SPLINE_CURVE_WITH_KNOTS('',1,(#2077,#2078),.UNSPECIFIED.,.F.,
  .F.,(2,2),(6.,14.),.PIECEWISE_BEZIER_KNOTS.);
#2077 = CARTESIAN_POINT('',(24.,12.));
#2078 = CARTESIAN_POINT('',(24.,20.));
#2079 = ( GEOMETRIC_REPRESENTATION_CONTEXT(2) 
PARAMETRIC_REPRESENTATION_CONTEXT() REPRESENTATION_CONTEXT('2D SPACE',''
  ) );
#2080 = PCURVE('',#2081,#2086);
#2081 = PLANE('',#2082);
#2082 = AXIS2_PLACEMENT_3D('',#2083,#2084,#2085);
#2083 = CARTESIAN_POINT('',(8.,14.714213562373,3.228932188135));
#2084 = DIRECTION('',(1.,0.,0.));
#2085 = DIRECTION('',(0.,-0.707106781187,0.707106781187));
#2086 = DEFINITIONAL_REPRESENTATION('',(#2087),#2090);
#2087 = B_SPLINE_CURVE_WITH_KNOTS('',1,(#2088,#2089),.UNSPECIFIED.,.F.,
  .F.,(2,2),(6.,14.),.PIECEWISE_BEZIER_KNOTS.);
#2088 = CARTESIAN_POINT('',(7.5,0.));
#2089 = CARTESIAN_POINT('',(7.5,-8.));
#2090 = ( GEOMETRIC_REPRESENTATION_CONTEXT(2) 
PARAMETRIC_REPRESENTATION_CONTEXT() REPRESENTATION_CONTEXT('2D SPACE',''
  ) );
#2091 = FACE_BOUND('',#2092,.T.);
#2092 = EDGE_LOOP('',(#2093));
#2093 = ORIENTED_EDGE('',*,*,#2094,.F.);
#2094 = EDGE_CURVE('',#2095,#2095,#2097,.T.);
#2095 = VERTEX_POINT('',#2096);
#2096 = CARTESIAN_POINT('',(10.4,18.744722215136,17.866042558696));
#2097 = SURFACE_CURVE('',#2098,(#2103,#2110),.PCURVE_S1.);
#2098 = CIRCLE('',#2099,1.2);
#2099 = AXIS2_PLACEMENT_3D('',#2100,#2101,#2102);
#2100 = CARTESIAN_POINT('',(9.2,18.744722215136,17.866042558696));
#2101 = DIRECTION('',(0.,-0.707106781187,0.707106781187));
#2102 = DIRECTION('',(1.,0.,0.));
#2103 = PCURVE('',#956,#2104);
#2104 = DEFINITIONAL_REPRESENTATION('',(#2105),#2109);
#2105 = CIRCLE('',#2106,1.2);
#2106 = AXIS2_PLACEMENT_2D('',#2107,#2108);
#2107 = CARTESIAN_POINT('',(25.2,25.2));
#2108 = DIRECTION('',(1.,0.));
#2109 = ( GEOMETRIC_REPRESENTATION_CONTEXT(2) 
PARAMETRIC_REPRESENTATION_CONTEXT() REPRESENTATION_CONTEXT('2D SPACE',''
  ) );
#2110 = PCURVE('',#2111,#2116);
#2111 = CYLINDRICAL_SURFACE('',#2112,1.2);
#2112 = AXIS2_PLACEMENT_3D('',#2113,#2114,#2115);
#2113 = CARTESIAN_POINT('',(9.2,24.048023074036,12.562741699797));
#2114 = DIRECTION('',(0.,-0.707106781187,0.707106781187));
#2115 = DIRECTION('',(1.,0.,0.));
#2116 = DEFINITIONAL_REPRESENTATION('',(#2117),#2121);
#2117 = LINE('',#2118,#2119);
#2118 = CARTESIAN_POINT('',(0.,7.5));
#2119 = VECTOR('',#2120,1.);
#2120 = DIRECTION('',(1.,0.));
#2121 = ( GEOMETRIC_REPRESENTATION_CONTEXT(2) 
PARAMETRIC_REPRESENTATION_CONTEXT() REPRESENTATION_CONTEXT('2D SPACE',''
  ) );
#2122 = ADVANCED_FACE('',(#2123),#928,.T.);
#2123 = FACE_BOUND('',#2124,.T.);
#2124 = EDGE_LOOP('',(#2125,#2146,#2147,#2148));
#2125 = ORIENTED_EDGE('',*,*,#2126,.F.);
#2126 = EDGE_CURVE('',#885,#1313,#2127,.T.);
#2127 = SURFACE_CURVE('',#2128,(#2132,#2139),.PCURVE_S1.);
#2128 = LINE('',#2129,#2130);
#2129 = CARTESIAN_POINT('',(-16.,25.674368670765,20.553048327205));
#2130 = VECTOR('',#2131,1.);
#2131 = DIRECTION('',(1.,0.,0.));
#2132 = PCURVE('',#928,#2133);
#2133 = DEFINITIONAL_REPRESENTATION('',(#2134),#2138);
#2134 = LINE('',#2135,#2136);
#2135 = CARTESIAN_POINT('',(0.,0.));
#2136 = VECTOR('',#2137,1.);
#2137 = DIRECTION('',(0.,1.));
#2138 = ( GEOMETRIC_REPRESENTATION_CONTEXT(2) 
PARAMETRIC_REPRESENTATION_CONTEXT() REPRESENTATION_CONTEXT('2D SPACE',''
  ) );
#2139 = PCURVE('',#900,#2140);
#2140 = DEFINITIONAL_REPRESENTATION('',(#2141),#2145);
#2141 = LINE('',#2142,#2143);
#2142 = CARTESIAN_POINT('',(0.,32.));
#2143 = VECTOR('',#2144,1.);
#2144 = DIRECTION('',(1.,0.));
#2145 = ( GEOMETRIC_REPRESENTATION_CONTEXT(2) 
PARAMETRIC_REPRESENTATION_CONTEXT() REPRESENTATION_CONTEXT('2D SPACE',''
  ) );
#2146 = ORIENTED_EDGE('',*,*,#912,.T.);
#2147 = ORIENTED_EDGE('',*,*,#1847,.T.);
#2148 = ORIENTED_EDGE('',*,*,#1335,.F.);
#2149 = ADVANCED_FACE('',(#2150,#2198,#2224,#2250,#2276,#2362),#900,.F.
  );
#2150 = FACE_BOUND('',#2151,.F.);
#2151 = EDGE_LOOP('',(#2152,#2153,#2154,#2155,#2156,#2175,#2176,#2197));
#2152 = ORIENTED_EDGE('',*,*,#2126,.F.);
#2153 = ORIENTED_EDGE('',*,*,#884,.F.);
#2154 = ORIENTED_EDGE('',*,*,#1656,.T.);
#2155 = ORIENTED_EDGE('',*,*,#1611,.F.);
#2156 = ORIENTED_EDGE('',*,*,#2157,.T.);
#2157 = EDGE_CURVE('',#1584,#1780,#2158,.T.);
#2158 = SURFACE_CURVE('',#2159,(#2163,#2169),.PCURVE_S1.);
#2159 = LINE('',#2160,#2161);
#2160 = CARTESIAN_POINT('',(-13.775,6.12132034356,1.));
#2161 = VECTOR('',#2162,1.);
#2162 = DIRECTION('',(1.,0.,-0.));
#2163 = PCURVE('',#900,#2164);
#2164 = DEFINITIONAL_REPRESENTATION('',(#2165),#2168);
#2165 = B_SPLINE_CURVE_WITH_KNOTS('',1,(#2166,#2167),.UNSPECIFIED.,.F.,
  .F.,(2,2),(2.225,25.325),.PIECEWISE_BEZIER_KNOTS.);
#2166 = CARTESIAN_POINT('',(4.45,4.34781386993));
#2167 = CARTESIAN_POINT('',(27.55,4.34781386993));
#2168 = ( GEOMETRIC_REPRESENTATION_CONTEXT(2) 
PARAMETRIC_REPRESENTATION_CONTEXT() REPRESENTATION_CONTEXT('2D SPACE',''
  ) );
#2169 = PCURVE('',#1599,#2170);
#2170 = DEFINITIONAL_REPRESENTATION('',(#2171),#2174);
#2171 = B_SPLINE_CURVE_WITH_KNOTS('',1,(#2172,#2173),.UNSPECIFIED.,.F.,
  .F.,(2,2),(2.225,25.325),.PIECEWISE_BEZIER_KNOTS.);
#2172 = CARTESIAN_POINT('',(0.,8.12132034356));
#2173 = CARTESIAN_POINT('',(23.1,8.12132034356));
#2174 = ( GEOMETRIC_REPRESENTATION_CONTEXT(2) 
PARAMETRIC_REPRESENTATION_CONTEXT() REPRESENTATION_CONTEXT('2D SPACE',''
  ) );
#2175 = ORIENTED_EDGE('',*,*,#1802,.T.);
#2176 = ORIENTED_EDGE('',*,*,#2177,.T.);
#2177 = EDGE_CURVE('',#1803,#1283,#2178,.T.);
#2178 = SURFACE_CURVE('',#2179,(#2183,#2190),.PCURVE_S1.);
#2179 = LINE('',#2180,#2181);
#2180 = CARTESIAN_POINT('',(-16.,3.046951672795,-2.074368670765));
#2181 = VECTOR('',#2182,1.);
#2182 = DIRECTION('',(1.,0.,0.));
#2183 = PCURVE('',#900,#2184);
#2184 = DEFINITIONAL_REPRESENTATION('',(#2185),#2189);
#2185 = LINE('',#2186,#2187);
#2186 = CARTESIAN_POINT('',(0.,0.));
#2187 = VECTOR('',#2188,1.);
#2188 = DIRECTION('',(1.,0.));
#2189 = ( GEOMETRIC_REPRESENTATION_CONTEXT(2) 
PARAMETRIC_REPRESENTATION_CONTEXT() REPRESENTATION_CONTEXT('2D SPACE',''
  ) );
#2190 = PCURVE('',#1300,#2191);
#2191 = DEFINITIONAL_REPRESENTATION('',(#2192),#2196);
#2192 = LINE('',#2193,#2194);
#2193 = CARTESIAN_POINT('',(0.,0.));
#2194 = VECTOR('',#2195,1.);
#2195 = DIRECTION('',(0.,1.));
#2196 = ( GEOMETRIC_REPRESENTATION_CONTEXT(2) 
PARAMETRIC_REPRESENTATION_CONTEXT() REPRESENTATION_CONTEXT('2D SPACE',''
  ) );
#2197 = ORIENTED_EDGE('',*,*,#1312,.T.);
#2198 = FACE_BOUND('',#2199,.F.);
#2199 = EDGE_LOOP('',(#2200));
#2200 = ORIENTED_EDGE('',*,*,#2201,.F.);
#2201 = EDGE_CURVE('',#2202,#2202,#2204,.T.);
#2202 = VERTEX_POINT('',#2203);
#2203 = CARTESIAN_POINT('',(-8.,7.855277784864,2.733957441304));
#2204 = SURFACE_CURVE('',#2205,(#2210,#2217),.PCURVE_S1.);
#2205 = CIRCLE('',#2206,1.2);
#2206 = AXIS2_PLACEMENT_3D('',#2207,#2208,#2209);
#2207 = CARTESIAN_POINT('',(-9.2,7.855277784864,2.733957441304));
#2208 = DIRECTION('',(0.,-0.707106781187,0.707106781187));
#2209 = DIRECTION('',(1.,0.,0.));
#2210 = PCURVE('',#900,#2211);
#2211 = DEFINITIONAL_REPRESENTATION('',(#2212),#2216);
#2212 = CIRCLE('',#2213,1.2);
#2213 = AXIS2_PLACEMENT_2D('',#2214,#2215);
#2214 = CARTESIAN_POINT('',(6.8,6.8));
#2215 = DIRECTION('',(1.,0.));
#2216 = ( GEOMETRIC_REPRESENTATION_CONTEXT(2) 
PARAMETRIC_REPRESENTATION_CONTEXT() REPRESENTATION_CONTEXT('2D SPACE',''
  ) );
#2217 = PCURVE('',#1912,#2218);
#2218 = DEFINITIONAL_REPRESENTATION('',(#2219),#2223);
#2219 = LINE('',#2220,#2221);
#2220 = CARTESIAN_POINT('',(0.,4.5));
#2221 = VECTOR('',#2222,1.);
#2222 = DIRECTION('',(1.,0.));
#2223 = ( GEOMETRIC_REPRESENTATION_CONTEXT(2) 
PARAMETRIC_REPRESENTATION_CONTEXT() REPRESENTATION_CONTEXT('2D SPACE',''
  ) );
#2224 = FACE_BOUND('',#2225,.F.);
#2225 = EDGE_LOOP('',(#2226));
#2226 = ORIENTED_EDGE('',*,*,#2227,.F.);
#2227 = EDGE_CURVE('',#2228,#2228,#2230,.T.);
#2228 = VERTEX_POINT('',#2229);
#2229 = CARTESIAN_POINT('',(10.4,7.855277784864,2.733957441304));
#2230 = SURFACE_CURVE('',#2231,(#2236,#2243),.PCURVE_S1.);
#2231 = CIRCLE('',#2232,1.2);
#2232 = AXIS2_PLACEMENT_3D('',#2233,#2234,#2235);
#2233 = CARTESIAN_POINT('',(9.2,7.855277784864,2.733957441304));
#2234 = DIRECTION('',(0.,-0.707106781187,0.707106781187));
#2235 = DIRECTION('',(1.,0.,0.));
#2236 = PCURVE('',#900,#2237);
#2237 = DEFINITIONAL_REPRESENTATION('',(#2238),#2242);
#2238 = CIRCLE('',#2239,1.2);
#2239 = AXIS2_PLACEMENT_2D('',#2240,#2241);
#2240 = CARTESIAN_POINT('',(25.2,6.8));
#2241 = DIRECTION('',(1.,0.));
#2242 = ( GEOMETRIC_REPRESENTATION_CONTEXT(2) 
PARAMETRIC_REPRESENTATION_CONTEXT() REPRESENTATION_CONTEXT('2D SPACE',''
  ) );
#2243 = PCURVE('',#1943,#2244);
#2244 = DEFINITIONAL_REPRESENTATION('',(#2245),#2249);
#2245 = LINE('',#2246,#2247);
#2246 = CARTESIAN_POINT('',(0.,4.5));
#2247 = VECTOR('',#2248,1.);
#2248 = DIRECTION('',(1.,0.));
#2249 = ( GEOMETRIC_REPRESENTATION_CONTEXT(2) 
PARAMETRIC_REPRESENTATION_CONTEXT() REPRESENTATION_CONTEXT('2D SPACE',''
  ) );
#2250 = FACE_BOUND('',#2251,.F.);
#2251 = EDGE_LOOP('',(#2252));
#2252 = ORIENTED_EDGE('',*,*,#2253,.F.);
#2253 = EDGE_CURVE('',#2254,#2254,#2256,.T.);
#2254 = VERTEX_POINT('',#2255);
#2255 = CARTESIAN_POINT('',(-8.,20.866042558696,15.744722215136));
#2256 = SURFACE_CURVE('',#2257,(#2262,#2269),.PCURVE_S1.);
#2257 = CIRCLE('',#2258,1.2);
#2258 = AXIS2_PLACEMENT_3D('',#2259,#2260,#2261);
#2259 = CARTESIAN_POINT('',(-9.2,20.866042558696,15.744722215136));
#2260 = DIRECTION('',(0.,-0.707106781187,0.707106781187));
#2261 = DIRECTION('',(1.,0.,0.));
#2262 = PCURVE('',#900,#2263);
#2263 = DEFINITIONAL_REPRESENTATION('',(#2264),#2268);
#2264 = CIRCLE('',#2265,1.2);
#2265 = AXIS2_PLACEMENT_2D('',#2266,#2267);
#2266 = CARTESIAN_POINT('',(6.8,25.2));
#2267 = DIRECTION('',(1.,0.));
#2268 = ( GEOMETRIC_REPRESENTATION_CONTEXT(2) 
PARAMETRIC_REPRESENTATION_CONTEXT() REPRESENTATION_CONTEXT('2D SPACE',''
  ) );
#2269 = PCURVE('',#1974,#2270);
#2270 = DEFINITIONAL_REPRESENTATION('',(#2271),#2275);
#2271 = LINE('',#2272,#2273);
#2272 = CARTESIAN_POINT('',(0.,4.5));
#2273 = VECTOR('',#2274,1.);
#2274 = DIRECTION('',(1.,0.));
#2275 = ( GEOMETRIC_REPRESENTATION_CONTEXT(2) 
PARAMETRIC_REPRESENTATION_CONTEXT() REPRESENTATION_CONTEXT('2D SPACE',''
  ) );
#2276 = FACE_BOUND('',#2277,.F.);
#2277 = EDGE_LOOP('',(#2278,#2301,#2322,#2343));
#2278 = ORIENTED_EDGE('',*,*,#2279,.T.);
#2279 = EDGE_CURVE('',#2280,#2282,#2284,.T.);
#2280 = VERTEX_POINT('',#2281);
#2281 = CARTESIAN_POINT('',(8.,11.532233047034,6.410912703474));
#2282 = VERTEX_POINT('',#2283);
#2283 = CARTESIAN_POINT('',(-8.,11.532233047034,6.410912703474));
#2284 = SURFACE_CURVE('',#2285,(#2289,#2295),.PCURVE_S1.);
#2285 = LINE('',#2286,#2287);
#2286 = CARTESIAN_POINT('',(-12.,11.532233047034,6.410912703474));
#2287 = VECTOR('',#2288,1.);
#2288 = DIRECTION('',(-1.,-0.,0.));
#2289 = PCURVE('',#900,#2290);
#2290 = DEFINITIONAL_REPRESENTATION('',(#2291),#2294);
#2291 = B_SPLINE_CURVE_WITH_KNOTS('',1,(#2292,#2293),.UNSPECIFIED.,.F.,
  .F.,(2,2),(-20.,-4.),.PIECEWISE_BEZIER_KNOTS.);
#2292 = CARTESIAN_POINT('',(24.,12.));
#2293 = CARTESIAN_POINT('',(8.,12.));
#2294 = ( GEOMETRIC_REPRESENTATION_CONTEXT(2) 
PARAMETRIC_REPRESENTATION_CONTEXT() REPRESENTATION_CONTEXT('2D SPACE',''
  ) );
#2295 = PCURVE('',#2005,#2296);
#2296 = DEFINITIONAL_REPRESENTATION('',(#2297),#2300);
#2297 = B_SPLINE_CURVE_WITH_KNOTS('',1,(#2298,#2299),.UNSPECIFIED.,.F.,
  .F.,(2,2),(-20.,-4.),.PIECEWISE_BEZIER_KNOTS.);
#2298 = CARTESIAN_POINT('',(4.5,16.));
#2299 = CARTESIAN_POINT('',(4.5,0.));
#2300 = ( GEOMETRIC_REPRESENTATION_CONTEXT(2) 
PARAMETRIC_REPRESENTATION_CONTEXT() REPRESENTATION_CONTEXT('2D SPACE',''
  ) );
#2301 = ORIENTED_EDGE('',*,*,#2302,.T.);
#2302 = EDGE_CURVE('',#2282,#2303,#2305,.T.);
#2303 = VERTEX_POINT('',#2304);
#2304 = CARTESIAN_POINT('',(-8.,17.189087296526,12.067766952966));
#2305 = SURFACE_CURVE('',#2306,(#2310,#2316),.PCURVE_S1.);
#2306 = LINE('',#2307,#2308);
#2307 = CARTESIAN_POINT('',(-8.,7.289592359914,2.168272016355));
#2308 = VECTOR('',#2309,1.);
#2309 = DIRECTION('',(0.,0.707106781187,0.707106781187));
#2310 = PCURVE('',#900,#2311);
#2311 = DEFINITIONAL_REPRESENTATION('',(#2312),#2315);
#2312 = B_SPLINE_CURVE_WITH_KNOTS('',1,(#2313,#2314),.UNSPECIFIED.,.F.,
  .F.,(2,2),(6.,14.),.PIECEWISE_BEZIER_KNOTS.);
#2313 = CARTESIAN_POINT('',(8.,12.));
#2314 = CARTESIAN_POINT('',(8.,20.));
#2315 = ( GEOMETRIC_REPRESENTATION_CONTEXT(2) 
PARAMETRIC_REPRESENTATION_CONTEXT() REPRESENTATION_CONTEXT('2D SPACE',''
  ) );
#2316 = PCURVE('',#2031,#2317);
#2317 = DEFINITIONAL_REPRESENTATION('',(#2318),#2321);
#2318 = B_SPLINE_CURVE_WITH_KNOTS('',1,(#2319,#2320),.UNSPECIFIED.,.F.,
  .F.,(2,2),(6.,14.),.PIECEWISE_BEZIER_KNOTS.);
#2319 = CARTESIAN_POINT('',(4.5,0.));
#2320 = CARTESIAN_POINT('',(4.5,-8.));
#2321 = ( GEOMETRIC_REPRESENTATION_CONTEXT(2) 
PARAMETRIC_REPRESENTATION_CONTEXT() REPRESENTATION_CONTEXT('2D SPACE',''
  ) );
#2322 = ORIENTED_EDGE('',*,*,#2323,.F.);
#2323 = EDGE_CURVE('',#2324,#2303,#2326,.T.);
#2324 = VERTEX_POINT('',#2325);
#2325 = CARTESIAN_POINT('',(8.,17.189087296526,12.067766952966));
#2326 = SURFACE_CURVE('',#2327,(#2331,#2337),.PCURVE_S1.);
#2327 = LINE('',#2328,#2329);
#2328 = CARTESIAN_POINT('',(-12.,17.189087296526,12.067766952966));
#2329 = VECTOR('',#2330,1.);
#2330 = DIRECTION('',(-1.,-0.,0.));
#2331 = PCURVE('',#900,#2332);
#2332 = DEFINITIONAL_REPRESENTATION('',(#2333),#2336);
#2333 = B_SPLINE_CURVE_WITH_KNOTS('',1,(#2334,#2335),.UNSPECIFIED.,.F.,
  .F.,(2,2),(-20.,-4.),.PIECEWISE_BEZIER_KNOTS.);
#2334 = CARTESIAN_POINT('',(24.,20.));
#2335 = CARTESIAN_POINT('',(8.,20.));
#2336 = ( GEOMETRIC_REPRESENTATION_CONTEXT(2) 
PARAMETRIC_REPRESENTATION_CONTEXT() REPRESENTATION_CONTEXT('2D SPACE',''
  ) );
#2337 = PCURVE('',#2057,#2338);
#2338 = DEFINITIONAL_REPRESENTATION('',(#2339),#2342);
#2339 = B_SPLINE_CURVE_WITH_KNOTS('',1,(#2340,#2341),.UNSPECIFIED.,.F.,
  .F.,(2,2),(-20.,-4.),.PIECEWISE_BEZIER_KNOTS.);
#2340 = CARTESIAN_POINT('',(4.5,16.));
#2341 = CARTESIAN_POINT('',(4.5,0.));
#2342 = ( GEOMETRIC_REPRESENTATION_CONTEXT(2) 
PARAMETRIC_REPRESENTATION_CONTEXT() REPRESENTATION_CONTEXT('2D SPACE',''
  ) );
#2343 = ORIENTED_EDGE('',*,*,#2344,.F.);
#2344 = EDGE_CURVE('',#2280,#2324,#2345,.T.);
#2345 = SURFACE_CURVE('',#2346,(#2350,#2356),.PCURVE_S1.);
#2346 = LINE('',#2347,#2348);
#2347 = CARTESIAN_POINT('',(8.,7.289592359914,2.168272016355));
#2348 = VECTOR('',#2349,1.);
#2349 = DIRECTION('',(0.,0.707106781187,0.707106781187));
#2350 = PCURVE('',#900,#2351);
#2351 = DEFINITIONAL_REPRESENTATION('',(#2352),#2355);
#2352 = B_SPLINE_CURVE_WITH_KNOTS('',1,(#2353,#2354),.UNSPECIFIED.,.F.,
  .F.,(2,2),(6.,14.),.PIECEWISE_BEZIER_KNOTS.);
#2353 = CARTESIAN_POINT('',(24.,12.));
#2354 = CARTESIAN_POINT('',(24.,20.));
#2355 = ( GEOMETRIC_REPRESENTATION_CONTEXT(2) 
PARAMETRIC_REPRESENTATION_CONTEXT() REPRESENTATION_CONTEXT('2D SPACE',''
  ) );
#2356 = PCURVE('',#2081,#2357);
#2357 = DEFINITIONAL_REPRESENTATION('',(#2358),#2361);
#2358 = B_SPLINE_CURVE_WITH_KNOTS('',1,(#2359,#2360),.UNSPECIFIED.,.F.,
  .F.,(2,2),(6.,14.),.PIECEWISE_BEZIER_KNOTS.);
#2359 = CARTESIAN_POINT('',(4.5,0.));
#2360 = CARTESIAN_POINT('',(4.5,-8.));
#2361 = ( GEOMETRIC_REPRESENTATION_CONTEXT(2) 
PARAMETRIC_REPRESENTATION_CONTEXT() REPRESENTATION_CONTEXT('2D SPACE',''
  ) );
#2362 = FACE_BOUND('',#2363,.F.);
#2363 = EDGE_LOOP('',(#2364));
#2364 = ORIENTED_EDGE('',*,*,#2365,.F.);
#2365 = EDGE_CURVE('',#2366,#2366,#2368,.T.);
#2366 = VERTEX_POINT('',#2367);
#2367 = CARTESIAN_POINT('',(10.4,20.866042558696,15.744722215136));
#2368 = SURFACE_CURVE('',#2369,(#2374,#2381),.PCURVE_S1.);
#2369 = CIRCLE('',#2370,1.2);
#2370 = AXIS2_PLACEMENT_3D('',#2371,#2372,#2373);
#2371 = CARTESIAN_POINT('',(9.2,20.866042558696,15.744722215136));
#2372 = DIRECTION('',(0.,-0.707106781187,0.707106781187));
#2373 = DIRECTION('',(1.,0.,0.));
#2374 = PCURVE('',#900,#2375);
#2375 = DEFINITIONAL_REPRESENTATION('',(#2376),#2380);
#2376 = CIRCLE('',#2377,1.2);
#2377 = AXIS2_PLACEMENT_2D('',#2378,#2379);
#2378 = CARTESIAN_POINT('',(25.2,25.2));
#2379 = DIRECTION('',(1.,0.));
#2380 = ( GEOMETRIC_REPRESENTATION_CONTEXT(2) 
PARAMETRIC_REPRESENTATION_CONTEXT() REPRESENTATION_CONTEXT('2D SPACE',''
  ) );
#2381 = PCURVE('',#2111,#2382);
#2382 = DEFINITIONAL_REPRESENTATION('',(#2383),#2387);
#2383 = LINE('',#2384,#2385);
#2384 = CARTESIAN_POINT('',(0.,4.5));
#2385 = VECTOR('',#2386,1.);
#2386 = DIRECTION('',(1.,0.));
#2387 = ( GEOMETRIC_REPRESENTATION_CONTEXT(2) 
PARAMETRIC_REPRESENTATION_CONTEXT() REPRESENTATION_CONTEXT('2D SPACE',''
  ) );
#2388 = ADVANCED_FACE('',(#2389),#1078,.T.);
#2389 = FACE_BOUND('',#2390,.T.);
#2390 = EDGE_LOOP('',(#2391,#2392,#2393,#2394));
#2391 = ORIENTED_EDGE('',*,*,#1062,.F.);
#2392 = ORIENTED_EDGE('',*,*,#1141,.T.);
#2393 = ORIENTED_EDGE('',*,*,#1188,.T.);
#2394 = ORIENTED_EDGE('',*,*,#1871,.F.);
#2395 = ADVANCED_FACE('',(#2396),#1300,.F.);
#2396 = FACE_BOUND('',#2397,.F.);
#2397 = EDGE_LOOP('',(#2398,#2399,#2400,#2401));
#2398 = ORIENTED_EDGE('',*,*,#2177,.F.);
#2399 = ORIENTED_EDGE('',*,*,#1823,.T.);
#2400 = ORIENTED_EDGE('',*,*,#1425,.T.);
#2401 = ORIENTED_EDGE('',*,*,#1282,.F.);
#2402 = ADVANCED_FACE('',(#2403),#1599,.T.);
#2403 = FACE_BOUND('',#2404,.T.);
#2404 = EDGE_LOOP('',(#2405,#2406,#2407,#2408));
#2405 = ORIENTED_EDGE('',*,*,#1583,.F.);
#2406 = ORIENTED_EDGE('',*,*,#2157,.T.);
#2407 = ORIENTED_EDGE('',*,*,#1779,.T.);
#2408 = ORIENTED_EDGE('',*,*,#2409,.F.);
#2409 = EDGE_CURVE('',#1556,#1757,#2410,.T.);
#2410 = SURFACE_CURVE('',#2411,(#2415,#2422),.PCURVE_S1.);
#2411 = LINE('',#2412,#2413);
#2412 = CARTESIAN_POINT('',(-11.55,18.,1.));
#2413 = VECTOR('',#2414,1.);
#2414 = DIRECTION('',(1.,0.,-0.));
#2415 = PCURVE('',#1599,#2416);
#2416 = DEFINITIONAL_REPRESENTATION('',(#2417),#2421);
#2417 = LINE('',#2418,#2419);
#2418 = CARTESIAN_POINT('',(0.,20.));
#2419 = VECTOR('',#2420,1.);
#2420 = DIRECTION('',(1.,0.));
#2421 = ( GEOMETRIC_REPRESENTATION_CONTEXT(2) 
PARAMETRIC_REPRESENTATION_CONTEXT() REPRESENTATION_CONTEXT('2D SPACE',''
  ) );
#2422 = PCURVE('',#1571,#2423);
#2423 = DEFINITIONAL_REPRESENTATION('',(#2424),#2428);
#2424 = LINE('',#2425,#2426);
#2425 = CARTESIAN_POINT('',(16.,0.));
#2426 = VECTOR('',#2427,1.);
#2427 = DIRECTION('',(0.,1.));
#2428 = ( GEOMETRIC_REPRESENTATION_CONTEXT(2) 
PARAMETRIC_REPRESENTATION_CONTEXT() REPRESENTATION_CONTEXT('2D SPACE',''
  ) );
#2429 = ADVANCED_FACE('',(#2430),#1571,.T.);
#2430 = FACE_BOUND('',#2431,.T.);
#2431 = EDGE_LOOP('',(#2432,#2453,#2454,#2455));
#2432 = ORIENTED_EDGE('',*,*,#2433,.F.);
#2433 = EDGE_CURVE('',#1528,#1734,#2434,.T.);
#2434 = SURFACE_CURVE('',#2435,(#2439,#2446),.PCURVE_S1.);
#2435 = LINE('',#2436,#2437);
#2436 = CARTESIAN_POINT('',(-11.55,18.,-15.));
#2437 = VECTOR('',#2438,1.);
#2438 = DIRECTION('',(1.,0.,-0.));
#2439 = PCURVE('',#1571,#2440);
#2440 = DEFINITIONAL_REPRESENTATION('',(#2441),#2445);
#2441 = LINE('',#2442,#2443);
#2442 = CARTESIAN_POINT('',(0.,0.));
#2443 = VECTOR('',#2444,1.);
#2444 = DIRECTION('',(0.,1.));
#2445 = ( GEOMETRIC_REPRESENTATION_CONTEXT(2) 
PARAMETRIC_REPRESENTATION_CONTEXT() REPRESENTATION_CONTEXT('2D SPACE',''
  ) );
#2446 = PCURVE('',#1543,#2447);
#2447 = DEFINITIONAL_REPRESENTATION('',(#2448),#2452);
#2448 = LINE('',#2449,#2450);
#2449 = CARTESIAN_POINT('',(0.,20.));
#2450 = VECTOR('',#2451,1.);
#2451 = DIRECTION('',(1.,0.));
#2452 = ( GEOMETRIC_REPRESENTATION_CONTEXT(2) 
PARAMETRIC_REPRESENTATION_CONTEXT() REPRESENTATION_CONTEXT('2D SPACE',''
  ) );
#2453 = ORIENTED_EDGE('',*,*,#1555,.T.);
#2454 = ORIENTED_EDGE('',*,*,#2409,.T.);
#2455 = ORIENTED_EDGE('',*,*,#1756,.F.);
#2456 = ADVANCED_FACE('',(#2457),#1543,.F.);
#2457 = FACE_BOUND('',#2458,.F.);
#2458 = EDGE_LOOP('',(#2459,#2460,#2461,#2462));
#2459 = ORIENTED_EDGE('',*,*,#1527,.F.);
#2460 = ORIENTED_EDGE('',*,*,#1706,.T.);
#2461 = ORIENTED_EDGE('',*,*,#1733,.T.);
#2462 = ORIENTED_EDGE('',*,*,#2433,.F.);
#2463 = ADVANCED_FACE('',(#2464),#1912,.F.);
#2464 = FACE_BOUND('',#2465,.F.);
#2465 = EDGE_LOOP('',(#2466,#2467,#2488,#2489));
#2466 = ORIENTED_EDGE('',*,*,#1895,.F.);
#2467 = ORIENTED_EDGE('',*,*,#2468,.F.);
#2468 = EDGE_CURVE('',#2202,#1896,#2469,.T.);
#2469 = SEAM_CURVE('',#2470,(#2474,#2481),.PCURVE_S1.);
#2470 = LINE('',#2471,#2472);
#2471 = CARTESIAN_POINT('',(-8.,11.037258300203,-0.448023074036));
#2472 = VECTOR('',#2473,1.);
#2473 = DIRECTION('',(0.,-0.707106781187,0.707106781187));
#2474 = PCURVE('',#1912,#2475);
#2475 = DEFINITIONAL_REPRESENTATION('',(#2476),#2480);
#2476 = LINE('',#2477,#2478);
#2477 = CARTESIAN_POINT('',(6.28318530718,-0.));
#2478 = VECTOR('',#2479,1.);
#2479 = DIRECTION('',(0.,1.));
#2480 = ( GEOMETRIC_REPRESENTATION_CONTEXT(2) 
PARAMETRIC_REPRESENTATION_CONTEXT() REPRESENTATION_CONTEXT('2D SPACE',''
  ) );
#2481 = PCURVE('',#1912,#2482);
#2482 = DEFINITIONAL_REPRESENTATION('',(#2483),#2487);
#2483 = LINE('',#2484,#2485);
#2484 = CARTESIAN_POINT('',(0.,-0.));
#2485 = VECTOR('',#2486,1.);
#2486 = DIRECTION('',(0.,1.));
#2487 = ( GEOMETRIC_REPRESENTATION_CONTEXT(2) 
PARAMETRIC_REPRESENTATION_CONTEXT() REPRESENTATION_CONTEXT('2D SPACE',''
  ) );
#2488 = ORIENTED_EDGE('',*,*,#2201,.T.);
#2489 = ORIENTED_EDGE('',*,*,#2468,.T.);
#2490 = ADVANCED_FACE('',(#2491),#1943,.F.);
#2491 = FACE_BOUND('',#2492,.F.);
#2492 = EDGE_LOOP('',(#2493,#2494,#2515,#2516));
#2493 = ORIENTED_EDGE('',*,*,#1926,.F.);
#2494 = ORIENTED_EDGE('',*,*,#2495,.F.);
#2495 = EDGE_CURVE('',#2228,#1927,#2496,.T.);
#2496 = SEAM_CURVE('',#2497,(#2501,#2508),.PCURVE_S1.);
#2497 = LINE('',#2498,#2499);
#2498 = CARTESIAN_POINT('',(10.4,11.037258300203,-0.448023074036));
#2499 = VECTOR('',#2500,1.);
#2500 = DIRECTION('',(0.,-0.707106781187,0.707106781187));
#2501 = PCURVE('',#1943,#2502);
#2502 = DEFINITIONAL_REPRESENTATION('',(#2503),#2507);
#2503 = LINE('',#2504,#2505);
#2504 = CARTESIAN_POINT('',(6.28318530718,-0.));
#2505 = VECTOR('',#2506,1.);
#2506 = DIRECTION('',(0.,1.));
#2507 = ( GEOMETRIC_REPRESENTATION_CONTEXT(2) 
PARAMETRIC_REPRESENTATION_CONTEXT() REPRESENTATION_CONTEXT('2D SPACE',''
  ) );
#2508 = PCURVE('',#1943,#2509);
#2509 = DEFINITIONAL_REPRESENTATION('',(#2510),#2514);
#2510 = LINE('',#2511,#2512);
#2511 = CARTESIAN_POINT('',(0.,-0.));
#2512 = VECTOR('',#2513,1.);
#2513 = DIRECTION('',(0.,1.));
#2514 = ( GEOMETRIC_REPRESENTATION_CONTEXT(2) 
PARAMETRIC_REPRESENTATION_CONTEXT() REPRESENTATION_CONTEXT('2D SPACE',''
  ) );
#2515 = ORIENTED_EDGE('',*,*,#2227,.T.);
#2516 = ORIENTED_EDGE('',*,*,#2495,.T.);
#2517 = ADVANCED_FACE('',(#2518),#1974,.F.);
#2518 = FACE_BOUND('',#2519,.F.);
#2519 = EDGE_LOOP('',(#2520,#2521,#2542,#2543));
#2520 = ORIENTED_EDGE('',*,*,#1957,.F.);
#2521 = ORIENTED_EDGE('',*,*,#2522,.F.);
#2522 = EDGE_CURVE('',#2254,#1958,#2523,.T.);
#2523 = SEAM_CURVE('',#2524,(#2528,#2535),.PCURVE_S1.);
#2524 = LINE('',#2525,#2526);
#2525 = CARTESIAN_POINT('',(-8.,24.048023074036,12.562741699797));
#2526 = VECTOR('',#2527,1.);
#2527 = DIRECTION('',(0.,-0.707106781187,0.707106781187));
#2528 = PCURVE('',#1974,#2529);
#2529 = DEFINITIONAL_REPRESENTATION('',(#2530),#2534);
#2530 = LINE('',#2531,#2532);
#2531 = CARTESIAN_POINT('',(6.28318530718,-0.));
#2532 = VECTOR('',#2533,1.);
#2533 = DIRECTION('',(0.,1.));
#2534 = ( GEOMETRIC_REPRESENTATION_CONTEXT(2) 
PARAMETRIC_REPRESENTATION_CONTEXT() REPRESENTATION_CONTEXT('2D SPACE',''
  ) );
#2535 = PCURVE('',#1974,#2536);
#2536 = DEFINITIONAL_REPRESENTATION('',(#2537),#2541);
#2537 = LINE('',#2538,#2539);
#2538 = CARTESIAN_POINT('',(0.,-0.));
#2539 = VECTOR('',#2540,1.);
#2540 = DIRECTION('',(0.,1.));
#2541 = ( GEOMETRIC_REPRESENTATION_CONTEXT(2) 
PARAMETRIC_REPRESENTATION_CONTEXT() REPRESENTATION_CONTEXT('2D SPACE',''
  ) );
#2542 = ORIENTED_EDGE('',*,*,#2253,.T.);
#2543 = ORIENTED_EDGE('',*,*,#2522,.T.);
#2544 = ADVANCED_FACE('',(#2545),#2005,.T.);
#2545 = FACE_BOUND('',#2546,.T.);
#2546 = EDGE_LOOP('',(#2547,#2568,#2569,#2590));
#2547 = ORIENTED_EDGE('',*,*,#2548,.F.);
#2548 = EDGE_CURVE('',#2280,#1989,#2549,.T.);
#2549 = SURFACE_CURVE('',#2550,(#2554,#2561),.PCURVE_S1.);
#2550 = LINE('',#2551,#2552);
#2551 = CARTESIAN_POINT('',(8.,14.714213562373,3.228932188135));
#2552 = VECTOR('',#2553,1.);
#2553 = DIRECTION('',(0.,-0.707106781187,0.707106781187));
#2554 = PCURVE('',#2005,#2555);
#2555 = DEFINITIONAL_REPRESENTATION('',(#2556),#2560);
#2556 = LINE('',#2557,#2558);
#2557 = CARTESIAN_POINT('',(0.,16.));
#2558 = VECTOR('',#2559,1.);
#2559 = DIRECTION('',(1.,0.));
#2560 = ( GEOMETRIC_REPRESENTATION_CONTEXT(2) 
PARAMETRIC_REPRESENTATION_CONTEXT() REPRESENTATION_CONTEXT('2D SPACE',''
  ) );
#2561 = PCURVE('',#2081,#2562);
#2562 = DEFINITIONAL_REPRESENTATION('',(#2563),#2567);
#2563 = LINE('',#2564,#2565);
#2564 = CARTESIAN_POINT('',(0.,0.));
#2565 = VECTOR('',#2566,1.);
#2566 = DIRECTION('',(1.,0.));
#2567 = ( GEOMETRIC_REPRESENTATION_CONTEXT(2) 
PARAMETRIC_REPRESENTATION_CONTEXT() REPRESENTATION_CONTEXT('2D SPACE',''
  ) );
#2568 = ORIENTED_EDGE('',*,*,#2279,.T.);
#2569 = ORIENTED_EDGE('',*,*,#2570,.T.);
#2570 = EDGE_CURVE('',#2282,#1991,#2571,.T.);
#2571 = SURFACE_CURVE('',#2572,(#2576,#2583),.PCURVE_S1.);
#2572 = LINE('',#2573,#2574);
#2573 = CARTESIAN_POINT('',(-8.,14.714213562373,3.228932188135));
#2574 = VECTOR('',#2575,1.);
#2575 = DIRECTION('',(0.,-0.707106781187,0.707106781187));
#2576 = PCURVE('',#2005,#2577);
#2577 = DEFINITIONAL_REPRESENTATION('',(#2578),#2582);
#2578 = LINE('',#2579,#2580);
#2579 = CARTESIAN_POINT('',(0.,0.));
#2580 = VECTOR('',#2581,1.);
#2581 = DIRECTION('',(1.,0.));
#2582 = ( GEOMETRIC_REPRESENTATION_CONTEXT(2) 
PARAMETRIC_REPRESENTATION_CONTEXT() REPRESENTATION_CONTEXT('2D SPACE',''
  ) );
#2583 = PCURVE('',#2031,#2584);
#2584 = DEFINITIONAL_REPRESENTATION('',(#2585),#2589);
#2585 = LINE('',#2586,#2587);
#2586 = CARTESIAN_POINT('',(0.,0.));
#2587 = VECTOR('',#2588,1.);
#2588 = DIRECTION('',(1.,0.));
#2589 = ( GEOMETRIC_REPRESENTATION_CONTEXT(2) 
PARAMETRIC_REPRESENTATION_CONTEXT() REPRESENTATION_CONTEXT('2D SPACE',''
  ) );
#2590 = ORIENTED_EDGE('',*,*,#1988,.F.);
#2591 = ADVANCED_FACE('',(#2592),#2081,.F.);
#2592 = FACE_BOUND('',#2593,.F.);
#2593 = EDGE_LOOP('',(#2594,#2595,#2596,#2617));
#2594 = ORIENTED_EDGE('',*,*,#2548,.F.);
#2595 = ORIENTED_EDGE('',*,*,#2344,.T.);
#2596 = ORIENTED_EDGE('',*,*,#2597,.T.);
#2597 = EDGE_CURVE('',#2324,#2043,#2598,.T.);
#2598 = SURFACE_CURVE('',#2599,(#2603,#2610),.PCURVE_S1.);
#2599 = LINE('',#2600,#2601);
#2600 = CARTESIAN_POINT('',(8.,20.371067811865,8.885786437627));
#2601 = VECTOR('',#2602,1.);
#2602 = DIRECTION('',(0.,-0.707106781187,0.707106781187));
#2603 = PCURVE('',#2081,#2604);
#2604 = DEFINITIONAL_REPRESENTATION('',(#2605),#2609);
#2605 = LINE('',#2606,#2607);
#2606 = CARTESIAN_POINT('',(0.,-8.));
#2607 = VECTOR('',#2608,1.);
#2608 = DIRECTION('',(1.,0.));
#2609 = ( GEOMETRIC_REPRESENTATION_CONTEXT(2) 
PARAMETRIC_REPRESENTATION_CONTEXT() REPRESENTATION_CONTEXT('2D SPACE',''
  ) );
#2610 = PCURVE('',#2057,#2611);
#2611 = DEFINITIONAL_REPRESENTATION('',(#2612),#2616);
#2612 = LINE('',#2613,#2614);
#2613 = CARTESIAN_POINT('',(0.,16.));
#2614 = VECTOR('',#2615,1.);
#2615 = DIRECTION('',(1.,0.));
#2616 = ( GEOMETRIC_REPRESENTATION_CONTEXT(2) 
PARAMETRIC_REPRESENTATION_CONTEXT() REPRESENTATION_CONTEXT('2D SPACE',''
  ) );
#2617 = ORIENTED_EDGE('',*,*,#2068,.F.);
#2618 = ADVANCED_FACE('',(#2619),#2031,.T.);
#2619 = FACE_BOUND('',#2620,.T.);
#2620 = EDGE_LOOP('',(#2621,#2622,#2623,#2644));
#2621 = ORIENTED_EDGE('',*,*,#2570,.F.);
#2622 = ORIENTED_EDGE('',*,*,#2302,.T.);
#2623 = ORIENTED_EDGE('',*,*,#2624,.T.);
#2624 = EDGE_CURVE('',#2303,#2017,#2625,.T.);
#2625 = SURFACE_CURVE('',#2626,(#2630,#2637),.PCURVE_S1.);
#2626 = LINE('',#2627,#2628);
#2627 = CARTESIAN_POINT('',(-8.,20.371067811865,8.885786437627));
#2628 = VECTOR('',#2629,1.);
#2629 = DIRECTION('',(0.,-0.707106781187,0.707106781187));
#2630 = PCURVE('',#2031,#2631);
#2631 = DEFINITIONAL_REPRESENTATION('',(#2632),#2636);
#2632 = LINE('',#2633,#2634);
#2633 = CARTESIAN_POINT('',(0.,-8.));
#2634 = VECTOR('',#2635,1.);
#2635 = DIRECTION('',(1.,0.));
#2636 = ( GEOMETRIC_REPRESENTATION_CONTEXT(2) 
PARAMETRIC_REPRESENTATION_CONTEXT() REPRESENTATION_CONTEXT('2D SPACE',''
  ) );
#2637 = PCURVE('',#2057,#2638);
#2638 = DEFINITIONAL_REPRESENTATION('',(#2639),#2643);
#2639 = LINE('',#2640,#2641);
#2640 = CARTESIAN_POINT('',(0.,0.));
#2641 = VECTOR('',#2642,1.);
#2642 = DIRECTION('',(1.,0.));
#2643 = ( GEOMETRIC_REPRESENTATION_CONTEXT(2) 
PARAMETRIC_REPRESENTATION_CONTEXT() REPRESENTATION_CONTEXT('2D SPACE',''
  ) );
#2644 = ORIENTED_EDGE('',*,*,#2016,.F.);
#2645 = ADVANCED_FACE('',(#2646),#2057,.F.);
#2646 = FACE_BOUND('',#2647,.F.);
#2647 = EDGE_LOOP('',(#2648,#2649,#2650,#2651));
#2648 = ORIENTED_EDGE('',*,*,#2597,.F.);
#2649 = ORIENTED_EDGE('',*,*,#2323,.T.);
#2650 = ORIENTED_EDGE('',*,*,#2624,.T.);
#2651 = ORIENTED_EDGE('',*,*,#2042,.F.);
#2652 = ADVANCED_FACE('',(#2653),#2111,.F.);
#2653 = FACE_BOUND('',#2654,.F.);
#2654 = EDGE_LOOP('',(#2655,#2656,#2677,#2678));
#2655 = ORIENTED_EDGE('',*,*,#2094,.F.);
#2656 = ORIENTED_EDGE('',*,*,#2657,.F.);
#2657 = EDGE_CURVE('',#2366,#2095,#2658,.T.);
#2658 = SEAM_CURVE('',#2659,(#2663,#2670),.PCURVE_S1.);
#2659 = LINE('',#2660,#2661);
#2660 = CARTESIAN_POINT('',(10.4,24.048023074036,12.562741699797));
#2661 = VECTOR('',#2662,1.);
#2662 = DIRECTION('',(0.,-0.707106781187,0.707106781187));
#2663 = PCURVE('',#2111,#2664);
#2664 = DEFINITIONAL_REPRESENTATION('',(#2665),#2669);
#2665 = LINE('',#2666,#2667);
#2666 = CARTESIAN_POINT('',(6.28318530718,-0.));
#2667 = VECTOR('',#2668,1.);
#2668 = DIRECTION('',(0.,1.));
#2669 = ( GEOMETRIC_REPRESENTATION_CONTEXT(2) 
PARAMETRIC_REPRESENTATION_CONTEXT() REPRESENTATION_CONTEXT('2D SPACE',''
  ) );
#2670 = PCURVE('',#2111,#2671);
#2671 = DEFINITIONAL_REPRESENTATION('',(#2672),#2676);
#2672 = LINE('',#2673,#2674);
#2673 = CARTESIAN_POINT('',(0.,-0.));
#2674 = VECTOR('',#2675,1.);
#2675 = DIRECTION('',(0.,1.));
#2676 = ( GEOMETRIC_REPRESENTATION_CONTEXT(2) 
PARAMETRIC_REPRESENTATION_CONTEXT() REPRESENTATION_CONTEXT('2D SPACE',''
  ) );
#2677 = ORIENTED_EDGE('',*,*,#2365,.T.);
#2678 = ORIENTED_EDGE('',*,*,#2657,.T.);
#2679 = ( GEOMETRIC_REPRESENTATION_CONTEXT(3) 
GLOBAL_UNCERTAINTY_ASSIGNED_CONTEXT((#2683)) 
GLOBAL_UNIT_ASSIGNED_CONTEXT((#2680,#2681,#2682)) REPRESENTATION_CONTEXT
('Context #1','3D Context with UNIT and UNCERTAINTY') );
#2680 = ( LENGTH_UNIT() NAMED_UNIT(*) SI_UNIT(.MILLI.,.METRE.) );
#2681 = ( NAMED_UNIT(*) PLANE_ANGLE_UNIT() SI_UNIT($,.RADIAN.) );
#2682 = ( NAMED_UNIT(*) SI_UNIT($,.STERADIAN.) SOLID_ANGLE_UNIT() );
#2683 = UNCERTAINTY_MEASURE_WITH_UNIT(LENGTH_MEASURE(2.E-07),#2680,
  'distance_accuracy_value','confusion accuracy');
#2684 = CONTEXT_DEPENDENT_SHAPE_REPRESENTATION(#2685,#2687);
#2685 = ( REPRESENTATION_RELATIONSHIP('','',#36,#10) 
REPRESENTATION_RELATIONSHIP_WITH_TRANSFORMATION(#2686) 
SHAPE_REPRESENTATION_RELATIONSHIP() );
#2686 = ITEM_DEFINED_TRANSFORMATION('','',#11,#15);
#2687 = PRODUCT_DEFINITION_SHAPE('Placement','Placement of an item',
  #2688);
#2688 = NEXT_ASSEMBLY_USAGE_OCCURRENCE('1','mount_45','',#5,#31,$);
#2689 = PRODUCT_RELATED_PRODUCT_CATEGORY('part',$,(#33));
#2690 = SHAPE_DEFINITION_REPRESENTATION(#2691,#2697);
#2691 = PRODUCT_DEFINITION_SHAPE('','',#2692);
#2692 = PRODUCT_DEFINITION('design','',#2693,#2696);
#2693 = PRODUCT_DEFINITION_FORMATION('','',#2694);
#2694 = PRODUCT('camera','camera','',(#2695));
#2695 = PRODUCT_CONTEXT('',#2,'mechanical');
#2696 = PRODUCT_DEFINITION_CONTEXT('part definition',#2,'design');
#2697 = ADVANCED_BREP_SHAPE_REPRESENTATION('',(#11,#2698),#3838);
#2698 = MANIFOLD_SOLID_BREP('',#2699);
#2699 = CLOSED_SHELL('',(#2700,#2820,#2896,#3100,#3149,#3300,#3307,#3362
    ,#3417,#3472,#3527,#3582,#3637,#3692,#3747,#3802,#3806,#3810,#3814,
    #3818,#3822,#3826,#3830,#3834));
#2700 = ADVANCED_FACE('',(#2701),#2715,.F.);
#2701 = FACE_BOUND('',#2702,.F.);
#2702 = EDGE_LOOP('',(#2703,#2738,#2766,#2794));
#2703 = ORIENTED_EDGE('',*,*,#2704,.F.);
#2704 = EDGE_CURVE('',#2705,#2707,#2709,.T.);
#2705 = VERTEX_POINT('',#2706);
#2706 = CARTESIAN_POINT('',(-10.5,-10.5,0.));
#2707 = VERTEX_POINT('',#2708);
#2708 = CARTESIAN_POINT('',(-10.5,-10.5,10.3));
#2709 = SURFACE_CURVE('',#2710,(#2714,#2726),.PCURVE_S1.);
#2710 = LINE('',#2711,#2712);
#2711 = CARTESIAN_POINT('',(-10.5,-10.5,0.));
#2712 = VECTOR('',#2713,1.);
#2713 = DIRECTION('',(0.,0.,1.));
#2714 = PCURVE('',#2715,#2720);
#2715 = PLANE('',#2716);
#2716 = AXIS2_PLACEMENT_3D('',#2717,#2718,#2719);
#2717 = CARTESIAN_POINT('',(-10.5,-10.5,0.));
#2718 = DIRECTION('',(1.,0.,-0.));
#2719 = DIRECTION('',(0.,0.,1.));
#2720 = DEFINITIONAL_REPRESENTATION('',(#2721),#2725);
#2721 = LINE('',#2722,#2723);
#2722 = CARTESIAN_POINT('',(0.,0.));
#2723 = VECTOR('',#2724,1.);
#2724 = DIRECTION('',(1.,0.));
#2725 = ( GEOMETRIC_REPRESENTATION_CONTEXT(2) 
PARAMETRIC_REPRESENTATION_CONTEXT() REPRESENTATION_CONTEXT('2D SPACE',''
  ) );
#2726 = PCURVE('',#2727,#2732);
#2727 = PLANE('',#2728);
#2728 = AXIS2_PLACEMENT_3D('',#2729,#2730,#2731);
#2729 = CARTESIAN_POINT('',(-10.5,-10.5,0.));
#2730 = DIRECTION('',(-0.,1.,0.));
#2731 = DIRECTION('',(0.,0.,1.));
#2732 = DEFINITIONAL_REPRESENTATION('',(#2733),#2737);
#2733 = LINE('',#2734,#2735);
#2734 = CARTESIAN_POINT('',(0.,0.));
#2735 = VECTOR('',#2736,1.);
#2736 = DIRECTION('',(1.,0.));
#2737 = ( GEOMETRIC_REPRESENTATION_CONTEXT(2) 
PARAMETRIC_REPRESENTATION_CONTEXT() REPRESENTATION_CONTEXT('2D SPACE',''
  ) );
#2738 = ORIENTED_EDGE('',*,*,#2739,.T.);
#2739 = EDGE_CURVE('',#2705,#2740,#2742,.T.);
#2740 = VERTEX_POINT('',#2741);
#2741 = CARTESIAN_POINT('',(-10.5,10.5,0.));
#2742 = SURFACE_CURVE('',#2743,(#2747,#2754),.PCURVE_S1.);
#2743 = LINE('',#2744,#2745);
#2744 = CARTESIAN_POINT('',(-10.5,-10.5,0.));
#2745 = VECTOR('',#2746,1.);
#2746 = DIRECTION('',(-0.,1.,0.));
#2747 = PCURVE('',#2715,#2748);
#2748 = DEFINITIONAL_REPRESENTATION('',(#2749),#2753);
#2749 = LINE('',#2750,#2751);
#2750 = CARTESIAN_POINT('',(0.,0.));
#2751 = VECTOR('',#2752,1.);
#2752 = DIRECTION('',(0.,-1.));
#2753 = ( GEOMETRIC_REPRESENTATION_CONTEXT(2) 
PARAMETRIC_REPRESENTATION_CONTEXT() REPRESENTATION_CONTEXT('2D SPACE',''
  ) );
#2754 = PCURVE('',#2755,#2760);
#2755 = PLANE('',#2756);
#2756 = AXIS2_PLACEMENT_3D('',#2757,#2758,#2759);
#2757 = CARTESIAN_POINT('',(-10.5,-10.5,0.));
#2758 = DIRECTION('',(0.,0.,1.));
#2759 = DIRECTION('',(1.,0.,-0.));
#2760 = DEFINITIONAL_REPRESENTATION('',(#2761),#2765);
#2761 = LINE('',#2762,#2763);
#2762 = CARTESIAN_POINT('',(0.,0.));
#2763 = VECTOR('',#2764,1.);
#2764 = DIRECTION('',(0.,1.));
#2765 = ( GEOMETRIC_REPRESENTATION_CONTEXT(2) 
PARAMETRIC_REPRESENTATION_CONTEXT() REPRESENTATION_CONTEXT('2D SPACE',''
  ) );
#2766 = ORIENTED_EDGE('',*,*,#2767,.T.);
#2767 = EDGE_CURVE('',#2740,#2768,#2770,.T.);
#2768 = VERTEX_POINT('',#2769);
#2769 = CARTESIAN_POINT('',(-10.5,10.5,10.3));
#2770 = SURFACE_CURVE('',#2771,(#2775,#2782),.PCURVE_S1.);
#2771 = LINE('',#2772,#2773);
#2772 = CARTESIAN_POINT('',(-10.5,10.5,0.));
#2773 = VECTOR('',#2774,1.);
#2774 = DIRECTION('',(0.,0.,1.));
#2775 = PCURVE('',#2715,#2776);
#2776 = DEFINITIONAL_REPRESENTATION('',(#2777),#2781);
#2777 = LINE('',#2778,#2779);
#2778 = CARTESIAN_POINT('',(0.,-21.));
#2779 = VECTOR('',#2780,1.);
#2780 = DIRECTION('',(1.,0.));
#2781 = ( GEOMETRIC_REPRESENTATION_CONTEXT(2) 
PARAMETRIC_REPRESENTATION_CONTEXT() REPRESENTATION_CONTEXT('2D SPACE',''
  ) );
#2782 = PCURVE('',#2783,#2788);
#2783 = PLANE('',#2784);
#2784 = AXIS2_PLACEMENT_3D('',#2785,#2786,#2787);
#2785 = CARTESIAN_POINT('',(-10.5,10.5,0.));
#2786 = DIRECTION('',(-0.,1.,0.));
#2787 = DIRECTION('',(0.,0.,1.));
#2788 = DEFINITIONAL_REPRESENTATION('',(#2789),#2793);
#2789 = LINE('',#2790,#2791);
#2790 = CARTESIAN_POINT('',(0.,0.));
#2791 = VECTOR('',#2792,1.);
#2792 = DIRECTION('',(1.,0.));
#2793 = ( GEOMETRIC_REPRESENTATION_CONTEXT(2) 
PARAMETRIC_REPRESENTATION_CONTEXT() REPRESENTATION_CONTEXT('2D SPACE',''
  ) );
#2794 = ORIENTED_EDGE('',*,*,#2795,.F.);
#2795 = EDGE_CURVE('',#2707,#2768,#2796,.T.);
#2796 = SURFACE_CURVE('',#2797,(#2801,#2808),.PCURVE_S1.);
#2797 = LINE('',#2798,#2799);
#2798 = CARTESIAN_POINT('',(-10.5,-10.5,10.3));
#2799 = VECTOR('',#2800,1.);
#2800 = DIRECTION('',(-0.,1.,0.));
#2801 = PCURVE('',#2715,#2802);
#2802 = DEFINITIONAL_REPRESENTATION('',(#2803),#2807);
#2803 = LINE('',#2804,#2805);
#2804 = CARTESIAN_POINT('',(10.3,0.));
#2805 = VECTOR('',#2806,1.);
#2806 = DIRECTION('',(0.,-1.));
#2807 = ( GEOMETRIC_REPRESENTATION_CONTEXT(2) 
PARAMETRIC_REPRESENTATION_CONTEXT() REPRESENTATION_CONTEXT('2D SPACE',''
  ) );
#2808 = PCURVE('',#2809,#2814);
#2809 = PLANE('',#2810);
#2810 = AXIS2_PLACEMENT_3D('',#2811,#2812,#2813);
#2811 = CARTESIAN_POINT('',(-10.5,-10.5,10.3));
#2812 = DIRECTION('',(0.,0.,1.));
#2813 = DIRECTION('',(1.,0.,-0.));
#2814 = DEFINITIONAL_REPRESENTATION('',(#2815),#2819);
#2815 = LINE('',#2816,#2817);
#2816 = CARTESIAN_POINT('',(0.,0.));
#2817 = VECTOR('',#2818,1.);
#2818 = DIRECTION('',(0.,1.));
#2819 = ( GEOMETRIC_REPRESENTATION_CONTEXT(2) 
PARAMETRIC_REPRESENTATION_CONTEXT() REPRESENTATION_CONTEXT('2D SPACE',''
  ) );
#2820 = ADVANCED_FACE('',(#2821),#2727,.F.);
#2821 = FACE_BOUND('',#2822,.F.);
#2822 = EDGE_LOOP('',(#2823,#2846,#2847,#2870));
#2823 = ORIENTED_EDGE('',*,*,#2824,.F.);
#2824 = EDGE_CURVE('',#2705,#2825,#2827,.T.);
#2825 = VERTEX_POINT('',#2826);
#2826 = CARTESIAN_POINT('',(10.5,-10.5,0.));
#2827 = SURFACE_CURVE('',#2828,(#2832,#2839),.PCURVE_S1.);
#2828 = LINE('',#2829,#2830);
#2829 = CARTESIAN_POINT('',(-10.5,-10.5,0.));
#2830 = VECTOR('',#2831,1.);
#2831 = DIRECTION('',(1.,0.,-0.));
#2832 = PCURVE('',#2727,#2833);
#2833 = DEFINITIONAL_REPRESENTATION('',(#2834),#2838);
#2834 = LINE('',#2835,#2836);
#2835 = CARTESIAN_POINT('',(0.,0.));
#2836 = VECTOR('',#2837,1.);
#2837 = DIRECTION('',(0.,1.));
#2838 = ( GEOMETRIC_REPRESENTATION_CONTEXT(2) 
PARAMETRIC_REPRESENTATION_CONTEXT() REPRESENTATION_CONTEXT('2D SPACE',''
  ) );
#2839 = PCURVE('',#2755,#2840);
#2840 = DEFINITIONAL_REPRESENTATION('',(#2841),#2845);
#2841 = LINE('',#2842,#2843);
#2842 = CARTESIAN_POINT('',(0.,0.));
#2843 = VECTOR('',#2844,1.);
#2844 = DIRECTION('',(1.,0.));
#2845 = ( GEOMETRIC_REPRESENTATION_CONTEXT(2) 
PARAMETRIC_REPRESENTATION_CONTEXT() REPRESENTATION_CONTEXT('2D SPACE',''
  ) );
#2846 = ORIENTED_EDGE('',*,*,#2704,.T.);
#2847 = ORIENTED_EDGE('',*,*,#2848,.T.);
#2848 = EDGE_CURVE('',#2707,#2849,#2851,.T.);
#2849 = VERTEX_POINT('',#2850);
#2850 = CARTESIAN_POINT('',(10.5,-10.5,10.3));
#2851 = SURFACE_CURVE('',#2852,(#2856,#2863),.PCURVE_S1.);
#2852 = LINE('',#2853,#2854);
#2853 = CARTESIAN_POINT('',(-10.5,-10.5,10.3));
#2854 = VECTOR('',#2855,1.);
#2855 = DIRECTION('',(1.,0.,-0.));
#2856 = PCURVE('',#2727,#2857);
#2857 = DEFINITIONAL_REPRESENTATION('',(#2858),#2862);
#2858 = LINE('',#2859,#2860);
#2859 = CARTESIAN_POINT('',(10.3,0.));
#2860 = VECTOR('',#2861,1.);
#2861 = DIRECTION('',(0.,1.));
#2862 = ( GEOMETRIC_REPRESENTATION_CONTEXT(2) 
PARAMETRIC_REPRESENTATION_CONTEXT() REPRESENTATION_CONTEXT('2D SPACE',''
  ) );
#2863 = PCURVE('',#2809,#2864);
#2864 = DEFINITIONAL_REPRESENTATION('',(#2865),#2869);
#2865 = LINE('',#2866,#2867);
#2866 = CARTESIAN_POINT('',(0.,0.));
#2867 = VECTOR('',#2868,1.);
#2868 = DIRECTION('',(1.,0.));
#2869 = ( GEOMETRIC_REPRESENTATION_CONTEXT(2) 
PARAMETRIC_REPRESENTATION_CONTEXT() REPRESENTATION_CONTEXT('2D SPACE',''
  ) );
#2870 = ORIENTED_EDGE('',*,*,#2871,.F.);
#2871 = EDGE_CURVE('',#2825,#2849,#2872,.T.);
#2872 = SURFACE_CURVE('',#2873,(#2877,#2884),.PCURVE_S1.);
#2873 = LINE('',#2874,#2875);
#2874 = CARTESIAN_POINT('',(10.5,-10.5,0.));
#2875 = VECTOR('',#2876,1.);
#2876 = DIRECTION('',(0.,0.,1.));
#2877 = PCURVE('',#2727,#2878);
#2878 = DEFINITIONAL_REPRESENTATION('',(#2879),#2883);
#2879 = LINE('',#2880,#2881);
#2880 = CARTESIAN_POINT('',(0.,21.));
#2881 = VECTOR('',#2882,1.);
#2882 = DIRECTION('',(1.,0.));
#2883 = ( GEOMETRIC_REPRESENTATION_CONTEXT(2) 
PARAMETRIC_REPRESENTATION_CONTEXT() REPRESENTATION_CONTEXT('2D SPACE',''
  ) );
#2884 = PCURVE('',#2885,#2890);
#2885 = PLANE('',#2886);
#2886 = AXIS2_PLACEMENT_3D('',#2887,#2888,#2889);
#2887 = CARTESIAN_POINT('',(10.5,-10.5,0.));
#2888 = DIRECTION('',(1.,0.,-0.));
#2889 = DIRECTION('',(0.,0.,1.));
#2890 = DEFINITIONAL_REPRESENTATION('',(#2891),#2895);
#2891 = LINE('',#2892,#2893);
#2892 = CARTESIAN_POINT('',(0.,0.));
#2893 = VECTOR('',#2894,1.);
#2894 = DIRECTION('',(1.,0.));
#2895 = ( GEOMETRIC_REPRESENTATION_CONTEXT(2) 
PARAMETRIC_REPRESENTATION_CONTEXT() REPRESENTATION_CONTEXT('2D SPACE',''
  ) );
#2896 = ADVANCED_FACE('',(#2897,#2945,#2976,#3007,#3038,#3069),#2809,.T.
  );
#2897 = FACE_BOUND('',#2898,.T.);
#2898 = EDGE_LOOP('',(#2899,#2900,#2901,#2924));
#2899 = ORIENTED_EDGE('',*,*,#2795,.F.);
#2900 = ORIENTED_EDGE('',*,*,#2848,.T.);
#2901 = ORIENTED_EDGE('',*,*,#2902,.T.);
#2902 = EDGE_CURVE('',#2849,#2903,#2905,.T.);
#2903 = VERTEX_POINT('',#2904);
#2904 = CARTESIAN_POINT('',(10.5,10.5,10.3));
#2905 = SURFACE_CURVE('',#2906,(#2910,#2917),.PCURVE_S1.);
#2906 = LINE('',#2907,#2908);
#2907 = CARTESIAN_POINT('',(10.5,-10.5,10.3));
#2908 = VECTOR('',#2909,1.);
#2909 = DIRECTION('',(-0.,1.,0.));
#2910 = PCURVE('',#2809,#2911);
#2911 = DEFINITIONAL_REPRESENTATION('',(#2912),#2916);
#2912 = LINE('',#2913,#2914);
#2913 = CARTESIAN_POINT('',(21.,0.));
#2914 = VECTOR('',#2915,1.);
#2915 = DIRECTION('',(0.,1.));
#2916 = ( GEOMETRIC_REPRESENTATION_CONTEXT(2) 
PARAMETRIC_REPRESENTATION_CONTEXT() REPRESENTATION_CONTEXT('2D SPACE',''
  ) );
#2917 = PCURVE('',#2885,#2918);
#2918 = DEFINITIONAL_REPRESENTATION('',(#2919),#2923);
#2919 = LINE('',#2920,#2921);
#2920 = CARTESIAN_POINT('',(10.3,0.));
#2921 = VECTOR('',#2922,1.);
#2922 = DIRECTION('',(0.,-1.));
#2923 = ( GEOMETRIC_REPRESENTATION_CONTEXT(2) 
PARAMETRIC_REPRESENTATION_CONTEXT() REPRESENTATION_CONTEXT('2D SPACE',''
  ) );
#2924 = ORIENTED_EDGE('',*,*,#2925,.F.);
#2925 = EDGE_CURVE('',#2768,#2903,#2926,.T.);
#2926 = SURFACE_CURVE('',#2927,(#2931,#2938),.PCURVE_S1.);
#2927 = LINE('',#2928,#2929);
#2928 = CARTESIAN_POINT('',(-10.5,10.5,10.3));
#2929 = VECTOR('',#2930,1.);
#2930 = DIRECTION('',(1.,0.,-0.));
#2931 = PCURVE('',#2809,#2932);
#2932 = DEFINITIONAL_REPRESENTATION('',(#2933),#2937);
#2933 = LINE('',#2934,#2935);
#2934 = CARTESIAN_POINT('',(0.,21.));
#2935 = VECTOR('',#2936,1.);
#2936 = DIRECTION('',(1.,0.));
#2937 = ( GEOMETRIC_REPRESENTATION_CONTEXT(2) 
PARAMETRIC_REPRESENTATION_CONTEXT() REPRESENTATION_CONTEXT('2D SPACE',''
  ) );
#2938 = PCURVE('',#2783,#2939);
#2939 = DEFINITIONAL_REPRESENTATION('',(#2940),#2944);
#2940 = LINE('',#2941,#2942);
#2941 = CARTESIAN_POINT('',(10.3,0.));
#2942 = VECTOR('',#2943,1.);
#2943 = DIRECTION('',(0.,1.));
#2944 = ( GEOMETRIC_REPRESENTATION_CONTEXT(2) 
PARAMETRIC_REPRESENTATION_CONTEXT() REPRESENTATION_CONTEXT('2D SPACE',''
  ) );
#2945 = FACE_BOUND('',#2946,.T.);
#2946 = EDGE_LOOP('',(#2947));
#2947 = ORIENTED_EDGE('',*,*,#2948,.F.);
#2948 = EDGE_CURVE('',#2949,#2949,#2951,.T.);
#2949 = VERTEX_POINT('',#2950);
#2950 = CARTESIAN_POINT('',(-8.2,-9.2,10.3));
#2951 = SURFACE_CURVE('',#2952,(#2957,#2964),.PCURVE_S1.);
#2952 = CIRCLE('',#2953,1.);
#2953 = AXIS2_PLACEMENT_3D('',#2954,#2955,#2956);
#2954 = CARTESIAN_POINT('',(-9.2,-9.2,10.3));
#2955 = DIRECTION('',(0.,0.,1.));
#2956 = DIRECTION('',(1.,0.,-0.));
#2957 = PCURVE('',#2809,#2958);
#2958 = DEFINITIONAL_REPRESENTATION('',(#2959),#2963);
#2959 = CIRCLE('',#2960,1.);
#2960 = AXIS2_PLACEMENT_2D('',#2961,#2962);
#2961 = CARTESIAN_POINT('',(1.3,1.3));
#2962 = DIRECTION('',(1.,0.));
#2963 = ( GEOMETRIC_REPRESENTATION_CONTEXT(2) 
PARAMETRIC_REPRESENTATION_CONTEXT() REPRESENTATION_CONTEXT('2D SPACE',''
  ) );
#2964 = PCURVE('',#2965,#2970);
#2965 = CYLINDRICAL_SURFACE('',#2966,1.);
#2966 = AXIS2_PLACEMENT_3D('',#2967,#2968,#2969);
#2967 = CARTESIAN_POINT('',(-9.2,-9.2,8.8));
#2968 = DIRECTION('',(0.,0.,1.));
#2969 = DIRECTION('',(1.,0.,-0.));
#2970 = DEFINITIONAL_REPRESENTATION('',(#2971),#2975);
#2971 = LINE('',#2972,#2973);
#2972 = CARTESIAN_POINT('',(0.,1.5));
#2973 = VECTOR('',#2974,1.);
#2974 = DIRECTION('',(1.,0.));
#2975 = ( GEOMETRIC_REPRESENTATION_CONTEXT(2) 
PARAMETRIC_REPRESENTATION_CONTEXT() REPRESENTATION_CONTEXT('2D SPACE',''
  ) );
#2976 = FACE_BOUND('',#2977,.T.);
#2977 = EDGE_LOOP('',(#2978));
#2978 = ORIENTED_EDGE('',*,*,#2979,.F.);
#2979 = EDGE_CURVE('',#2980,#2980,#2982,.T.);
#2980 = VERTEX_POINT('',#2981);
#2981 = CARTESIAN_POINT('',(10.2,-9.2,10.3));
#2982 = SURFACE_CURVE('',#2983,(#2988,#2995),.PCURVE_S1.);
#2983 = CIRCLE('',#2984,1.);
#2984 = AXIS2_PLACEMENT_3D('',#2985,#2986,#2987);
#2985 = CARTESIAN_POINT('',(9.2,-9.2,10.3));
#2986 = DIRECTION('',(0.,0.,1.));
#2987 = DIRECTION('',(1.,0.,-0.));
#2988 = PCURVE('',#2809,#2989);
#2989 = DEFINITIONAL_REPRESENTATION('',(#2990),#2994);
#2990 = CIRCLE('',#2991,1.);
#2991 = AXIS2_PLACEMENT_2D('',#2992,#2993);
#2992 = CARTESIAN_POINT('',(19.7,1.3));
#2993 = DIRECTION('',(1.,0.));
#2994 = ( GEOMETRIC_REPRESENTATION_CONTEXT(2) 
PARAMETRIC_REPRESENTATION_CONTEXT() REPRESENTATION_CONTEXT('2D SPACE',''
  ) );
#2995 = PCURVE('',#2996,#3001);
#2996 = CYLINDRICAL_SURFACE('',#2997,1.);
#2997 = AXIS2_PLACEMENT_3D('',#2998,#2999,#3000);
#2998 = CARTESIAN_POINT('',(9.2,-9.2,8.8));
#2999 = DIRECTION('',(0.,0.,1.));
#3000 = DIRECTION('',(1.,0.,-0.));
#3001 = DEFINITIONAL_REPRESENTATION('',(#3002),#3006);
#3002 = LINE('',#3003,#3004);
#3003 = CARTESIAN_POINT('',(0.,1.5));
#3004 = VECTOR('',#3005,1.);
#3005 = DIRECTION('',(1.,0.));
#3006 = ( GEOMETRIC_REPRESENTATION_CONTEXT(2) 
PARAMETRIC_REPRESENTATION_CONTEXT() REPRESENTATION_CONTEXT('2D SPACE',''
  ) );
#3007 = FACE_BOUND('',#3008,.T.);
#3008 = EDGE_LOOP('',(#3009));
#3009 = ORIENTED_EDGE('',*,*,#3010,.F.);
#3010 = EDGE_CURVE('',#3011,#3011,#3013,.T.);
#3011 = VERTEX_POINT('',#3012);
#3012 = CARTESIAN_POINT('',(-8.2,9.2,10.3));
#3013 = SURFACE_CURVE('',#3014,(#3019,#3026),.PCURVE_S1.);
#3014 = CIRCLE('',#3015,1.);
#3015 = AXIS2_PLACEMENT_3D('',#3016,#3017,#3018);
#3016 = CARTESIAN_POINT('',(-9.2,9.2,10.3));
#3017 = DIRECTION('',(0.,0.,1.));
#3018 = DIRECTION('',(1.,0.,-0.));
#3019 = PCURVE('',#2809,#3020);
#3020 = DEFINITIONAL_REPRESENTATION('',(#3021),#3025);
#3021 = CIRCLE('',#3022,1.);
#3022 = AXIS2_PLACEMENT_2D('',#3023,#3024);
#3023 = CARTESIAN_POINT('',(1.3,19.7));
#3024 = DIRECTION('',(1.,0.));
#3025 = ( GEOMETRIC_REPRESENTATION_CONTEXT(2) 
PARAMETRIC_REPRESENTATION_CONTEXT() REPRESENTATION_CONTEXT('2D SPACE',''
  ) );
#3026 = PCURVE('',#3027,#3032);
#3027 = CYLINDRICAL_SURFACE('',#3028,1.);
#3028 = AXIS2_PLACEMENT_3D('',#3029,#3030,#3031);
#3029 = CARTESIAN_POINT('',(-9.2,9.2,8.8));
#3030 = DIRECTION('',(0.,0.,1.));
#3031 = DIRECTION('',(1.,0.,-0.));
#3032 = DEFINITIONAL_REPRESENTATION('',(#3033),#3037);
#3033 = LINE('',#3034,#3035);
#3034 = CARTESIAN_POINT('',(0.,1.5));
#3035 = VECTOR('',#3036,1.);
#3036 = DIRECTION('',(1.,0.));
#3037 = ( GEOMETRIC_REPRESENTATION_CONTEXT(2) 
PARAMETRIC_REPRESENTATION_CONTEXT() REPRESENTATION_CONTEXT('2D SPACE',''
  ) );
#3038 = FACE_BOUND('',#3039,.T.);
#3039 = EDGE_LOOP('',(#3040));
#3040 = ORIENTED_EDGE('',*,*,#3041,.F.);
#3041 = EDGE_CURVE('',#3042,#3042,#3044,.T.);
#3042 = VERTEX_POINT('',#3043);
#3043 = CARTESIAN_POINT('',(10.,-2.449293598295E-15,10.3));
#3044 = SURFACE_CURVE('',#3045,(#3050,#3057),.PCURVE_S1.);
#3045 = CIRCLE('',#3046,10.);
#3046 = AXIS2_PLACEMENT_3D('',#3047,#3048,#3049);
#3047 = CARTESIAN_POINT('',(0.,0.,10.3));
#3048 = DIRECTION('',(0.,0.,1.));
#3049 = DIRECTION('',(1.,0.,-0.));
#3050 = PCURVE('',#2809,#3051);
#3051 = DEFINITIONAL_REPRESENTATION('',(#3052),#3056);
#3052 = CIRCLE('',#3053,10.);
#3053 = AXIS2_PLACEMENT_2D('',#3054,#3055);
#3054 = CARTESIAN_POINT('',(10.5,10.5));
#3055 = DIRECTION('',(1.,0.));
#3056 = ( GEOMETRIC_REPRESENTATION_CONTEXT(2) 
PARAMETRIC_REPRESENTATION_CONTEXT() REPRESENTATION_CONTEXT('2D SPACE',''
  ) );
#3057 = PCURVE('',#3058,#3063);
#3058 = CYLINDRICAL_SURFACE('',#3059,10.);
#3059 = AXIS2_PLACEMENT_3D('',#3060,#3061,#3062);
#3060 = CARTESIAN_POINT('',(0.,0.,10.3));
#3061 = DIRECTION('',(0.,0.,1.));
#3062 = DIRECTION('',(1.,0.,-0.));
#3063 = DEFINITIONAL_REPRESENTATION('',(#3064),#3068);
#3064 = LINE('',#3065,#3066);
#3065 = CARTESIAN_POINT('',(0.,0.));
#3066 = VECTOR('',#3067,1.);
#3067 = DIRECTION('',(1.,0.));
#3068 = ( GEOMETRIC_REPRESENTATION_CONTEXT(2) 
PARAMETRIC_REPRESENTATION_CONTEXT() REPRESENTATION_CONTEXT('2D SPACE',''
  ) );
#3069 = FACE_BOUND('',#3070,.T.);
#3070 = EDGE_LOOP('',(#3071));
#3071 = ORIENTED_EDGE('',*,*,#3072,.F.);
#3072 = EDGE_CURVE('',#3073,#3073,#3075,.T.);
#3073 = VERTEX_POINT('',#3074);
#3074 = CARTESIAN_POINT('',(10.2,9.2,10.3));
#3075 = SURFACE_CURVE('',#3076,(#3081,#3088),.PCURVE_S1.);
#3076 = CIRCLE('',#3077,1.);
#3077 = AXIS2_PLACEMENT_3D('',#3078,#3079,#3080);
#3078 = CARTESIAN_POINT('',(9.2,9.2,10.3));
#3079 = DIRECTION('',(0.,0.,1.));
#3080 = DIRECTION('',(1.,0.,-0.));
#3081 = PCURVE('',#2809,#3082);
#3082 = DEFINITIONAL_REPRESENTATION('',(#3083),#3087);
#3083 = CIRCLE('',#3084,1.);
#3084 = AXIS2_PLACEMENT_2D('',#3085,#3086);
#3085 = CARTESIAN_POINT('',(19.7,19.7));
#3086 = DIRECTION('',(1.,0.));
#3087 = ( GEOMETRIC_REPRESENTATION_CONTEXT(2) 
PARAMETRIC_REPRESENTATION_CONTEXT() REPRESENTATION_CONTEXT('2D SPACE',''
  ) );
#3088 = PCURVE('',#3089,#3094);
#3089 = CYLINDRICAL_SURFACE('',#3090,1.);
#3090 = AXIS2_PLACEMENT_3D('',#3091,#3092,#3093);
#3091 = CARTESIAN_POINT('',(9.2,9.2,8.8));
#3092 = DIRECTION('',(0.,0.,1.));
#3093 = DIRECTION('',(1.,0.,-0.));
#3094 = DEFINITIONAL_REPRESENTATION('',(#3095),#3099);
#3095 = LINE('',#3096,#3097);
#3096 = CARTESIAN_POINT('',(0.,1.5));
#3097 = VECTOR('',#3098,1.);
#3098 = DIRECTION('',(1.,0.));
#3099 = ( GEOMETRIC_REPRESENTATION_CONTEXT(2) 
PARAMETRIC_REPRESENTATION_CONTEXT() REPRESENTATION_CONTEXT('2D SPACE',''
  ) );
#3100 = ADVANCED_FACE('',(#3101),#2783,.T.);
#3101 = FACE_BOUND('',#3102,.T.);
#3102 = EDGE_LOOP('',(#3103,#3126,#3127,#3128));
#3103 = ORIENTED_EDGE('',*,*,#3104,.F.);
#3104 = EDGE_CURVE('',#2740,#3105,#3107,.T.);
#3105 = VERTEX_POINT('',#3106);
#3106 = CARTESIAN_POINT('',(10.5,10.5,0.));
#3107 = SURFACE_CURVE('',#3108,(#3112,#3119),.PCURVE_S1.);
#3108 = LINE('',#3109,#3110);
#3109 = CARTESIAN_POINT('',(-10.5,10.5,0.));
#3110 = VECTOR('',#3111,1.);
#3111 = DIRECTION('',(1.,0.,-0.));
#3112 = PCURVE('',#2783,#3113);
#3113 = DEFINITIONAL_REPRESENTATION('',(#3114),#3118);
#3114 = LINE('',#3115,#3116);
#3115 = CARTESIAN_POINT('',(0.,0.));
#3116 = VECTOR('',#3117,1.);
#3117 = DIRECTION('',(0.,1.));
#3118 = ( GEOMETRIC_REPRESENTATION_CONTEXT(2) 
PARAMETRIC_REPRESENTATION_CONTEXT() REPRESENTATION_CONTEXT('2D SPACE',''
  ) );
#3119 = PCURVE('',#2755,#3120);
#3120 = DEFINITIONAL_REPRESENTATION('',(#3121),#3125);
#3121 = LINE('',#3122,#3123);
#3122 = CARTESIAN_POINT('',(0.,21.));
#3123 = VECTOR('',#3124,1.);
#3124 = DIRECTION('',(1.,0.));
#3125 = ( GEOMETRIC_REPRESENTATION_CONTEXT(2) 
PARAMETRIC_REPRESENTATION_CONTEXT() REPRESENTATION_CONTEXT('2D SPACE',''
  ) );
#3126 = ORIENTED_EDGE('',*,*,#2767,.T.);
#3127 = ORIENTED_EDGE('',*,*,#2925,.T.);
#3128 = ORIENTED_EDGE('',*,*,#3129,.F.);
#3129 = EDGE_CURVE('',#3105,#2903,#3130,.T.);
#3130 = SURFACE_CURVE('',#3131,(#3135,#3142),.PCURVE_S1.);
#3131 = LINE('',#3132,#3133);
#3132 = CARTESIAN_POINT('',(10.5,10.5,0.));
#3133 = VECTOR('',#3134,1.);
#3134 = DIRECTION('',(0.,0.,1.));
#3135 = PCURVE('',#2783,#3136);
#3136 = DEFINITIONAL_REPRESENTATION('',(#3137),#3141);
#3137 = LINE('',#3138,#3139);
#3138 = CARTESIAN_POINT('',(0.,21.));
#3139 = VECTOR('',#3140,1.);
#3140 = DIRECTION('',(1.,0.));
#3141 = ( GEOMETRIC_REPRESENTATION_CONTEXT(2) 
PARAMETRIC_REPRESENTATION_CONTEXT() REPRESENTATION_CONTEXT('2D SPACE',''
  ) );
#3142 = PCURVE('',#2885,#3143);
#3143 = DEFINITIONAL_REPRESENTATION('',(#3144),#3148);
#3144 = LINE('',#3145,#3146);
#3145 = CARTESIAN_POINT('',(0.,-21.));
#3146 = VECTOR('',#3147,1.);
#3147 = DIRECTION('',(1.,0.));
#3148 = ( GEOMETRIC_REPRESENTATION_CONTEXT(2) 
PARAMETRIC_REPRESENTATION_CONTEXT() REPRESENTATION_CONTEXT('2D SPACE',''
  ) );
#3149 = ADVANCED_FACE('',(#3150,#3176,#3207,#3238,#3269),#2755,.F.);
#3150 = FACE_BOUND('',#3151,.F.);
#3151 = EDGE_LOOP('',(#3152,#3153,#3154,#3175));
#3152 = ORIENTED_EDGE('',*,*,#2739,.F.);
#3153 = ORIENTED_EDGE('',*,*,#2824,.T.);
#3154 = ORIENTED_EDGE('',*,*,#3155,.T.);
#3155 = EDGE_CURVE('',#2825,#3105,#3156,.T.);
#3156 = SURFACE_CURVE('',#3157,(#3161,#3168),.PCURVE_S1.);
#3157 = LINE('',#3158,#3159);
#3158 = CARTESIAN_POINT('',(10.5,-10.5,0.));
#3159 = VECTOR('',#3160,1.);
#3160 = DIRECTION('',(-0.,1.,0.));
#3161 = PCURVE('',#2755,#3162);
#3162 = DEFINITIONAL_REPRESENTATION('',(#3163),#3167);
#3163 = LINE('',#3164,#3165);
#3164 = CARTESIAN_POINT('',(21.,0.));
#3165 = VECTOR('',#3166,1.);
#3166 = DIRECTION('',(0.,1.));
#3167 = ( GEOMETRIC_REPRESENTATION_CONTEXT(2) 
PARAMETRIC_REPRESENTATION_CONTEXT() REPRESENTATION_CONTEXT('2D SPACE',''
  ) );
#3168 = PCURVE('',#2885,#3169);
#3169 = DEFINITIONAL_REPRESENTATION('',(#3170),#3174);
#3170 = LINE('',#3171,#3172);
#3171 = CARTESIAN_POINT('',(0.,0.));
#3172 = VECTOR('',#3173,1.);
#3173 = DIRECTION('',(0.,-1.));
#3174 = ( GEOMETRIC_REPRESENTATION_CONTEXT(2) 
PARAMETRIC_REPRESENTATION_CONTEXT() REPRESENTATION_CONTEXT('2D SPACE',''
  ) );
#3175 = ORIENTED_EDGE('',*,*,#3104,.F.);
#3176 = FACE_BOUND('',#3177,.F.);
#3177 = EDGE_LOOP('',(#3178));
#3178 = ORIENTED_EDGE('',*,*,#3179,.F.);
#3179 = EDGE_CURVE('',#3180,#3180,#3182,.T.);
#3180 = VERTEX_POINT('',#3181);
#3181 = CARTESIAN_POINT('',(-8.2,-9.2,0.));
#3182 = SURFACE_CURVE('',#3183,(#3188,#3195),.PCURVE_S1.);
#3183 = CIRCLE('',#3184,1.);
#3184 = AXIS2_PLACEMENT_3D('',#3185,#3186,#3187);
#3185 = CARTESIAN_POINT('',(-9.2,-9.2,0.));
#3186 = DIRECTION('',(0.,0.,1.));
#3187 = DIRECTION('',(1.,0.,-0.));
#3188 = PCURVE('',#2755,#3189);
#3189 = DEFINITIONAL_REPRESENTATION('',(#3190),#3194);
#3190 = CIRCLE('',#3191,1.);
#3191 = AXIS2_PLACEMENT_2D('',#3192,#3193);
#3192 = CARTESIAN_POINT('',(1.3,1.3));
#3193 = DIRECTION('',(1.,0.));
#3194 = ( GEOMETRIC_REPRESENTATION_CONTEXT(2) 
PARAMETRIC_REPRESENTATION_CONTEXT() REPRESENTATION_CONTEXT('2D SPACE',''
  ) );
#3195 = PCURVE('',#3196,#3201);
#3196 = CYLINDRICAL_SURFACE('',#3197,1.);
#3197 = AXIS2_PLACEMENT_3D('',#3198,#3199,#3200);
#3198 = CARTESIAN_POINT('',(-9.2,-9.2,0.));
#3199 = DIRECTION('',(0.,0.,1.));
#3200 = DIRECTION('',(1.,0.,-0.));
#3201 = DEFINITIONAL_REPRESENTATION('',(#3202),#3206);
#3202 = LINE('',#3203,#3204);
#3203 = CARTESIAN_POINT('',(0.,0.));
#3204 = VECTOR('',#3205,1.);
#3205 = DIRECTION('',(1.,0.));
#3206 = ( GEOMETRIC_REPRESENTATION_CONTEXT(2) 
PARAMETRIC_REPRESENTATION_CONTEXT() REPRESENTATION_CONTEXT('2D SPACE',''
  ) );
#3207 = FACE_BOUND('',#3208,.F.);
#3208 = EDGE_LOOP('',(#3209));
#3209 = ORIENTED_EDGE('',*,*,#3210,.F.);
#3210 = EDGE_CURVE('',#3211,#3211,#3213,.T.);
#3211 = VERTEX_POINT('',#3212);
#3212 = CARTESIAN_POINT('',(10.2,-9.2,0.));
#3213 = SURFACE_CURVE('',#3214,(#3219,#3226),.PCURVE_S1.);
#3214 = CIRCLE('',#3215,1.);
#3215 = AXIS2_PLACEMENT_3D('',#3216,#3217,#3218);
#3216 = CARTESIAN_POINT('',(9.2,-9.2,0.));
#3217 = DIRECTION('',(0.,0.,1.));
#3218 = DIRECTION('',(1.,0.,-0.));
#3219 = PCURVE('',#2755,#3220);
#3220 = DEFINITIONAL_REPRESENTATION('',(#3221),#3225);
#3221 = CIRCLE('',#3222,1.);
#3222 = AXIS2_PLACEMENT_2D('',#3223,#3224);
#3223 = CARTESIAN_POINT('',(19.7,1.3));
#3224 = DIRECTION('',(1.,0.));
#3225 = ( GEOMETRIC_REPRESENTATION_CONTEXT(2) 
PARAMETRIC_REPRESENTATION_CONTEXT() REPRESENTATION_CONTEXT('2D SPACE',''
  ) );
#3226 = PCURVE('',#3227,#3232);
#3227 = CYLINDRICAL_SURFACE('',#3228,1.);
#3228 = AXIS2_PLACEMENT_3D('',#3229,#3230,#3231);
#3229 = CARTESIAN_POINT('',(9.2,-9.2,0.));
#3230 = DIRECTION('',(0.,0.,1.));
#3231 = DIRECTION('',(1.,0.,-0.));
#3232 = DEFINITIONAL_REPRESENTATION('',(#3233),#3237);
#3233 = LINE('',#3234,#3235);
#3234 = CARTESIAN_POINT('',(0.,0.));
#3235 = VECTOR('',#3236,1.);
#3236 = DIRECTION('',(1.,0.));
#3237 = ( GEOMETRIC_REPRESENTATION_CONTEXT(2) 
PARAMETRIC_REPRESENTATION_CONTEXT() REPRESENTATION_CONTEXT('2D SPACE',''
  ) );
#3238 = FACE_BOUND('',#3239,.F.);
#3239 = EDGE_LOOP('',(#3240));
#3240 = ORIENTED_EDGE('',*,*,#3241,.F.);
#3241 = EDGE_CURVE('',#3242,#3242,#3244,.T.);
#3242 = VERTEX_POINT('',#3243);
#3243 = CARTESIAN_POINT('',(-8.2,9.2,0.));
#3244 = SURFACE_CURVE('',#3245,(#3250,#3257),.PCURVE_S1.);
#3245 = CIRCLE('',#3246,1.);
#3246 = AXIS2_PLACEMENT_3D('',#3247,#3248,#3249);
#3247 = CARTESIAN_POINT('',(-9.2,9.2,0.));
#3248 = DIRECTION('',(0.,0.,1.));
#3249 = DIRECTION('',(1.,0.,-0.));
#3250 = PCURVE('',#2755,#3251);
#3251 = DEFINITIONAL_REPRESENTATION('',(#3252),#3256);
#3252 = CIRCLE('',#3253,1.);
#3253 = AXIS2_PLACEMENT_2D('',#3254,#3255);
#3254 = CARTESIAN_POINT('',(1.3,19.7));
#3255 = DIRECTION('',(1.,0.));
#3256 = ( GEOMETRIC_REPRESENTATION_CONTEXT(2) 
PARAMETRIC_REPRESENTATION_CONTEXT() REPRESENTATION_CONTEXT('2D SPACE',''
  ) );
#3257 = PCURVE('',#3258,#3263);
#3258 = CYLINDRICAL_SURFACE('',#3259,1.);
#3259 = AXIS2_PLACEMENT_3D('',#3260,#3261,#3262);
#3260 = CARTESIAN_POINT('',(-9.2,9.2,0.));
#3261 = DIRECTION('',(0.,0.,1.));
#3262 = DIRECTION('',(1.,0.,-0.));
#3263 = DEFINITIONAL_REPRESENTATION('',(#3264),#3268);
#3264 = LINE('',#3265,#3266);
#3265 = CARTESIAN_POINT('',(0.,0.));
#3266 = VECTOR('',#3267,1.);
#3267 = DIRECTION('',(1.,0.));
#3268 = ( GEOMETRIC_REPRESENTATION_CONTEXT(2) 
PARAMETRIC_REPRESENTATION_CONTEXT() REPRESENTATION_CONTEXT('2D SPACE',''
  ) );
#3269 = FACE_BOUND('',#3270,.F.);
#3270 = EDGE_LOOP('',(#3271));
#3271 = ORIENTED_EDGE('',*,*,#3272,.F.);
#3272 = EDGE_CURVE('',#3273,#3273,#3275,.T.);
#3273 = VERTEX_POINT('',#3274);
#3274 = CARTESIAN_POINT('',(10.2,9.2,0.));
#3275 = SURFACE_CURVE('',#3276,(#3281,#3288),.PCURVE_S1.);
#3276 = CIRCLE('',#3277,1.);
#3277 = AXIS2_PLACEMENT_3D('',#3278,#3279,#3280);
#3278 = CARTESIAN_POINT('',(9.2,9.2,0.));
#3279 = DIRECTION('',(0.,0.,1.));
#3280 = DIRECTION('',(1.,0.,-0.));
#3281 = PCURVE('',#2755,#3282);
#3282 = DEFINITIONAL_REPRESENTATION('',(#3283),#3287);
#3283 = CIRCLE('',#3284,1.);
#3284 = AXIS2_PLACEMENT_2D('',#3285,#3286);
#3285 = CARTESIAN_POINT('',(19.7,19.7));
#3286 = DIRECTION('',(1.,0.));
#3287 = ( GEOMETRIC_REPRESENTATION_CONTEXT(2) 
PARAMETRIC_REPRESENTATION_CONTEXT() REPRESENTATION_CONTEXT('2D SPACE',''
  ) );
#3288 = PCURVE('',#3289,#3294);
#3289 = CYLINDRICAL_SURFACE('',#3290,1.);
#3290 = AXIS2_PLACEMENT_3D('',#3291,#3292,#3293);
#3291 = CARTESIAN_POINT('',(9.2,9.2,0.));
#3292 = DIRECTION('',(0.,0.,1.));
#3293 = DIRECTION('',(1.,0.,-0.));
#3294 = DEFINITIONAL_REPRESENTATION('',(#3295),#3299);
#3295 = LINE('',#3296,#3297);
#3296 = CARTESIAN_POINT('',(0.,0.));
#3297 = VECTOR('',#3298,1.);
#3298 = DIRECTION('',(1.,0.));
#3299 = ( GEOMETRIC_REPRESENTATION_CONTEXT(2) 
PARAMETRIC_REPRESENTATION_CONTEXT() REPRESENTATION_CONTEXT('2D SPACE',''
  ) );
#3300 = ADVANCED_FACE('',(#3301),#2885,.T.);
#3301 = FACE_BOUND('',#3302,.T.);
#3302 = EDGE_LOOP('',(#3303,#3304,#3305,#3306));
#3303 = ORIENTED_EDGE('',*,*,#2871,.F.);
#3304 = ORIENTED_EDGE('',*,*,#3155,.T.);
#3305 = ORIENTED_EDGE('',*,*,#3129,.T.);
#3306 = ORIENTED_EDGE('',*,*,#2902,.F.);
#3307 = ADVANCED_FACE('',(#3308),#2965,.F.);
#3308 = FACE_BOUND('',#3309,.F.);
#3309 = EDGE_LOOP('',(#3310,#3311,#3334,#3361));
#3310 = ORIENTED_EDGE('',*,*,#2948,.F.);
#3311 = ORIENTED_EDGE('',*,*,#3312,.F.);
#3312 = EDGE_CURVE('',#3313,#2949,#3315,.T.);
#3313 = VERTEX_POINT('',#3314);
#3314 = CARTESIAN_POINT('',(-8.2,-9.2,8.8));
#3315 = SEAM_CURVE('',#3316,(#3320,#3327),.PCURVE_S1.);
#3316 = LINE('',#3317,#3318);
#3317 = CARTESIAN_POINT('',(-8.2,-9.2,8.8));
#3318 = VECTOR('',#3319,1.);
#3319 = DIRECTION('',(0.,0.,1.));
#3320 = PCURVE('',#2965,#3321);
#3321 = DEFINITIONAL_REPRESENTATION('',(#3322),#3326);
#3322 = LINE('',#3323,#3324);
#3323 = CARTESIAN_POINT('',(6.28318530718,-0.));
#3324 = VECTOR('',#3325,1.);
#3325 = DIRECTION('',(0.,1.));
#3326 = ( GEOMETRIC_REPRESENTATION_CONTEXT(2) 
PARAMETRIC_REPRESENTATION_CONTEXT() REPRESENTATION_CONTEXT('2D SPACE',''
  ) );
#3327 = PCURVE('',#2965,#3328);
#3328 = DEFINITIONAL_REPRESENTATION('',(#3329),#3333);
#3329 = LINE('',#3330,#3331);
#3330 = CARTESIAN_POINT('',(0.,-0.));
#3331 = VECTOR('',#3332,1.);
#3332 = DIRECTION('',(0.,1.));
#3333 = ( GEOMETRIC_REPRESENTATION_CONTEXT(2) 
PARAMETRIC_REPRESENTATION_CONTEXT() REPRESENTATION_CONTEXT('2D SPACE',''
  ) );
#3334 = ORIENTED_EDGE('',*,*,#3335,.T.);
#3335 = EDGE_CURVE('',#3313,#3313,#3336,.T.);
#3336 = SURFACE_CURVE('',#3337,(#3342,#3349),.PCURVE_S1.);
#3337 = CIRCLE('',#3338,1.);
#3338 = AXIS2_PLACEMENT_3D('',#3339,#3340,#3341);
#3339 = CARTESIAN_POINT('',(-9.2,-9.2,8.8));
#3340 = DIRECTION('',(0.,0.,1.));
#3341 = DIRECTION('',(1.,0.,-0.));
#3342 = PCURVE('',#2965,#3343);
#3343 = DEFINITIONAL_REPRESENTATION('',(#3344),#3348);
#3344 = LINE('',#3345,#3346);
#3345 = CARTESIAN_POINT('',(0.,0.));
#3346 = VECTOR('',#3347,1.);
#3347 = DIRECTION('',(1.,0.));
#3348 = ( GEOMETRIC_REPRESENTATION_CONTEXT(2) 
PARAMETRIC_REPRESENTATION_CONTEXT() REPRESENTATION_CONTEXT('2D SPACE',''
  ) );
#3349 = PCURVE('',#3350,#3355);
#3350 = PLANE('',#3351);
#3351 = AXIS2_PLACEMENT_3D('',#3352,#3353,#3354);
#3352 = CARTESIAN_POINT('',(-9.2,-9.2,8.8));
#3353 = DIRECTION('',(0.,0.,1.));
#3354 = DIRECTION('',(1.,0.,-0.));
#3355 = DEFINITIONAL_REPRESENTATION('',(#3356),#3360);
#3356 = CIRCLE('',#3357,1.);
#3357 = AXIS2_PLACEMENT_2D('',#3358,#3359);
#3358 = CARTESIAN_POINT('',(0.,0.));
#3359 = DIRECTION('',(1.,0.));
#3360 = ( GEOMETRIC_REPRESENTATION_CONTEXT(2) 
PARAMETRIC_REPRESENTATION_CONTEXT() REPRESENTATION_CONTEXT('2D SPACE',''
  ) );
#3361 = ORIENTED_EDGE('',*,*,#3312,.T.);
#3362 = ADVANCED_FACE('',(#3363),#2996,.F.);
#3363 = FACE_BOUND('',#3364,.F.);
#3364 = EDGE_LOOP('',(#3365,#3366,#3389,#3416));
#3365 = ORIENTED_EDGE('',*,*,#2979,.F.);
#3366 = ORIENTED_EDGE('',*,*,#3367,.F.);
#3367 = EDGE_CURVE('',#3368,#2980,#3370,.T.);
#3368 = VERTEX_POINT('',#3369);
#3369 = CARTESIAN_POINT('',(10.2,-9.2,8.8));
#3370 = SEAM_CURVE('',#3371,(#3375,#3382),.PCURVE_S1.);
#3371 = LINE('',#3372,#3373);
#3372 = CARTESIAN_POINT('',(10.2,-9.2,8.8));
#3373 = VECTOR('',#3374,1.);
#3374 = DIRECTION('',(0.,0.,1.));
#3375 = PCURVE('',#2996,#3376);
#3376 = DEFINITIONAL_REPRESENTATION('',(#3377),#3381);
#3377 = LINE('',#3378,#3379);
#3378 = CARTESIAN_POINT('',(6.28318530718,-0.));
#3379 = VECTOR('',#3380,1.);
#3380 = DIRECTION('',(0.,1.));
#3381 = ( GEOMETRIC_REPRESENTATION_CONTEXT(2) 
PARAMETRIC_REPRESENTATION_CONTEXT() REPRESENTATION_CONTEXT('2D SPACE',''
  ) );
#3382 = PCURVE('',#2996,#3383);
#3383 = DEFINITIONAL_REPRESENTATION('',(#3384),#3388);
#3384 = LINE('',#3385,#3386);
#3385 = CARTESIAN_POINT('',(0.,-0.));
#3386 = VECTOR('',#3387,1.);
#3387 = DIRECTION('',(0.,1.));
#3388 = ( GEOMETRIC_REPRESENTATION_CONTEXT(2) 
PARAMETRIC_REPRESENTATION_CONTEXT() REPRESENTATION_CONTEXT('2D SPACE',''
  ) );
#3389 = ORIENTED_EDGE('',*,*,#3390,.T.);
#3390 = EDGE_CURVE('',#3368,#3368,#3391,.T.);
#3391 = SURFACE_CURVE('',#3392,(#3397,#3404),.PCURVE_S1.);
#3392 = CIRCLE('',#3393,1.);
#3393 = AXIS2_PLACEMENT_3D('',#3394,#3395,#3396);
#3394 = CARTESIAN_POINT('',(9.2,-9.2,8.8));
#3395 = DIRECTION('',(0.,0.,1.));
#3396 = DIRECTION('',(1.,0.,-0.));
#3397 = PCURVE('',#2996,#3398);
#3398 = DEFINITIONAL_REPRESENTATION('',(#3399),#3403);
#3399 = LINE('',#3400,#3401);
#3400 = CARTESIAN_POINT('',(0.,0.));
#3401 = VECTOR('',#3402,1.);
#3402 = DIRECTION('',(1.,0.));
#3403 = ( GEOMETRIC_REPRESENTATION_CONTEXT(2) 
PARAMETRIC_REPRESENTATION_CONTEXT() REPRESENTATION_CONTEXT('2D SPACE',''
  ) );
#3404 = PCURVE('',#3405,#3410);
#3405 = PLANE('',#3406);
#3406 = AXIS2_PLACEMENT_3D('',#3407,#3408,#3409);
#3407 = CARTESIAN_POINT('',(9.2,-9.2,8.8));
#3408 = DIRECTION('',(0.,0.,1.));
#3409 = DIRECTION('',(1.,0.,-0.));
#3410 = DEFINITIONAL_REPRESENTATION('',(#3411),#3415);
#3411 = CIRCLE('',#3412,1.);
#3412 = AXIS2_PLACEMENT_2D('',#3413,#3414);
#3413 = CARTESIAN_POINT('',(0.,0.));
#3414 = DIRECTION('',(1.,0.));
#3415 = ( GEOMETRIC_REPRESENTATION_CONTEXT(2) 
PARAMETRIC_REPRESENTATION_CONTEXT() REPRESENTATION_CONTEXT('2D SPACE',''
  ) );
#3416 = ORIENTED_EDGE('',*,*,#3367,.T.);
#3417 = ADVANCED_FACE('',(#3418),#3027,.F.);
#3418 = FACE_BOUND('',#3419,.F.);
#3419 = EDGE_LOOP('',(#3420,#3421,#3444,#3471));
#3420 = ORIENTED_EDGE('',*,*,#3010,.F.);
#3421 = ORIENTED_EDGE('',*,*,#3422,.F.);
#3422 = EDGE_CURVE('',#3423,#3011,#3425,.T.);
#3423 = VERTEX_POINT('',#3424);
#3424 = CARTESIAN_POINT('',(-8.2,9.2,8.8));
#3425 = SEAM_CURVE('',#3426,(#3430,#3437),.PCURVE_S1.);
#3426 = LINE('',#3427,#3428);
#3427 = CARTESIAN_POINT('',(-8.2,9.2,8.8));
#3428 = VECTOR('',#3429,1.);
#3429 = DIRECTION('',(0.,0.,1.));
#3430 = PCURVE('',#3027,#3431);
#3431 = DEFINITIONAL_REPRESENTATION('',(#3432),#3436);
#3432 = LINE('',#3433,#3434);
#3433 = CARTESIAN_POINT('',(6.28318530718,-0.));
#3434 = VECTOR('',#3435,1.);
#3435 = DIRECTION('',(0.,1.));
#3436 = ( GEOMETRIC_REPRESENTATION_CONTEXT(2) 
PARAMETRIC_REPRESENTATION_CONTEXT() REPRESENTATION_CONTEXT('2D SPACE',''
  ) );
#3437 = PCURVE('',#3027,#3438);
#3438 = DEFINITIONAL_REPRESENTATION('',(#3439),#3443);
#3439 = LINE('',#3440,#3441);
#3440 = CARTESIAN_POINT('',(0.,-0.));
#3441 = VECTOR('',#3442,1.);
#3442 = DIRECTION('',(0.,1.));
#3443 = ( GEOMETRIC_REPRESENTATION_CONTEXT(2) 
PARAMETRIC_REPRESENTATION_CONTEXT() REPRESENTATION_CONTEXT('2D SPACE',''
  ) );
#3444 = ORIENTED_EDGE('',*,*,#3445,.T.);
#3445 = EDGE_CURVE('',#3423,#3423,#3446,.T.);
#3446 = SURFACE_CURVE('',#3447,(#3452,#3459),.PCURVE_S1.);
#3447 = CIRCLE('',#3448,1.);
#3448 = AXIS2_PLACEMENT_3D('',#3449,#3450,#3451);
#3449 = CARTESIAN_POINT('',(-9.2,9.2,8.8));
#3450 = DIRECTION('',(0.,0.,1.));
#3451 = DIRECTION('',(1.,0.,-0.));
#3452 = PCURVE('',#3027,#3453);
#3453 = DEFINITIONAL_REPRESENTATION('',(#3454),#3458);
#3454 = LINE('',#3455,#3456);
#3455 = CARTESIAN_POINT('',(0.,0.));
#3456 = VECTOR('',#3457,1.);
#3457 = DIRECTION('',(1.,0.));
#3458 = ( GEOMETRIC_REPRESENTATION_CONTEXT(2) 
PARAMETRIC_REPRESENTATION_CONTEXT() REPRESENTATION_CONTEXT('2D SPACE',''
  ) );
#3459 = PCURVE('',#3460,#3465);
#3460 = PLANE('',#3461);
#3461 = AXIS2_PLACEMENT_3D('',#3462,#3463,#3464);
#3462 = CARTESIAN_POINT('',(-9.2,9.2,8.8));
#3463 = DIRECTION('',(0.,0.,1.));
#3464 = DIRECTION('',(1.,0.,-0.));
#3465 = DEFINITIONAL_REPRESENTATION('',(#3466),#3470);
#3466 = CIRCLE('',#3467,1.);
#3467 = AXIS2_PLACEMENT_2D('',#3468,#3469);
#3468 = CARTESIAN_POINT('',(0.,0.));
#3469 = DIRECTION('',(1.,0.));
#3470 = ( GEOMETRIC_REPRESENTATION_CONTEXT(2) 
PARAMETRIC_REPRESENTATION_CONTEXT() REPRESENTATION_CONTEXT('2D SPACE',''
  ) );
#3471 = ORIENTED_EDGE('',*,*,#3422,.T.);
#3472 = ADVANCED_FACE('',(#3473),#3058,.T.);
#3473 = FACE_BOUND('',#3474,.T.);
#3474 = EDGE_LOOP('',(#3475,#3504,#3525,#3526));
#3475 = ORIENTED_EDGE('',*,*,#3476,.F.);
#3476 = EDGE_CURVE('',#3477,#3477,#3479,.T.);
#3477 = VERTEX_POINT('',#3478);
#3478 = CARTESIAN_POINT('',(10.,-2.449293598295E-15,34.3));
#3479 = SURFACE_CURVE('',#3480,(#3485,#3492),.PCURVE_S1.);
#3480 = CIRCLE('',#3481,10.);
#3481 = AXIS2_PLACEMENT_3D('',#3482,#3483,#3484);
#3482 = CARTESIAN_POINT('',(0.,0.,34.3));
#3483 = DIRECTION('',(0.,0.,1.));
#3484 = DIRECTION('',(1.,0.,-0.));
#3485 = PCURVE('',#3058,#3486);
#3486 = DEFINITIONAL_REPRESENTATION('',(#3487),#3491);
#3487 = LINE('',#3488,#3489);
#3488 = CARTESIAN_POINT('',(0.,24.));
#3489 = VECTOR('',#3490,1.);
#3490 = DIRECTION('',(1.,0.));
#3491 = ( GEOMETRIC_REPRESENTATION_CONTEXT(2) 
PARAMETRIC_REPRESENTATION_CONTEXT() REPRESENTATION_CONTEXT('2D SPACE',''
  ) );
#3492 = PCURVE('',#3493,#3498);
#3493 = PLANE('',#3494);
#3494 = AXIS2_PLACEMENT_3D('',#3495,#3496,#3497);
#3495 = CARTESIAN_POINT('',(0.,0.,34.3));
#3496 = DIRECTION('',(0.,0.,1.));
#3497 = DIRECTION('',(1.,0.,-0.));
#3498 = DEFINITIONAL_REPRESENTATION('',(#3499),#3503);
#3499 = CIRCLE('',#3500,10.);
#3500 = AXIS2_PLACEMENT_2D('',#3501,#3502);
#3501 = CARTESIAN_POINT('',(0.,0.));
#3502 = DIRECTION('',(1.,0.));
#3503 = ( GEOMETRIC_REPRESENTATION_CONTEXT(2) 
PARAMETRIC_REPRESENTATION_CONTEXT() REPRESENTATION_CONTEXT('2D SPACE',''
  ) );
#3504 = ORIENTED_EDGE('',*,*,#3505,.F.);
#3505 = EDGE_CURVE('',#3042,#3477,#3506,.T.);
#3506 = SEAM_CURVE('',#3507,(#3511,#3518),.PCURVE_S1.);
#3507 = LINE('',#3508,#3509);
#3508 = CARTESIAN_POINT('',(10.,-2.449293598295E-15,10.3));
#3509 = VECTOR('',#3510,1.);
#3510 = DIRECTION('',(0.,0.,1.));
#3511 = PCURVE('',#3058,#3512);
#3512 = DEFINITIONAL_REPRESENTATION('',(#3513),#3517);
#3513 = LINE('',#3514,#3515);
#3514 = CARTESIAN_POINT('',(6.28318530718,-0.));
#3515 = VECTOR('',#3516,1.);
#3516 = DIRECTION('',(0.,1.));
#3517 = ( GEOMETRIC_REPRESENTATION_CONTEXT(2) 
PARAMETRIC_REPRESENTATION_CONTEXT() REPRESENTATION_CONTEXT('2D SPACE',''
  ) );
#3518 = PCURVE('',#3058,#3519);
#3519 = DEFINITIONAL_REPRESENTATION('',(#3520),#3524);
#3520 = LINE('',#3521,#3522);
#3521 = CARTESIAN_POINT('',(0.,-0.));
#3522 = VECTOR('',#3523,1.);
#3523 = DIRECTION('',(0.,1.));
#3524 = ( GEOMETRIC_REPRESENTATION_CONTEXT(2) 
PARAMETRIC_REPRESENTATION_CONTEXT() REPRESENTATION_CONTEXT('2D SPACE',''
  ) );
#3525 = ORIENTED_EDGE('',*,*,#3041,.T.);
#3526 = ORIENTED_EDGE('',*,*,#3505,.T.);
#3527 = ADVANCED_FACE('',(#3528),#3089,.F.);
#3528 = FACE_BOUND('',#3529,.F.);
#3529 = EDGE_LOOP('',(#3530,#3531,#3554,#3581));
#3530 = ORIENTED_EDGE('',*,*,#3072,.F.);
#3531 = ORIENTED_EDGE('',*,*,#3532,.F.);
#3532 = EDGE_CURVE('',#3533,#3073,#3535,.T.);
#3533 = VERTEX_POINT('',#3534);
#3534 = CARTESIAN_POINT('',(10.2,9.2,8.8));
#3535 = SEAM_CURVE('',#3536,(#3540,#3547),.PCURVE_S1.);
#3536 = LINE('',#3537,#3538);
#3537 = CARTESIAN_POINT('',(10.2,9.2,8.8));
#3538 = VECTOR('',#3539,1.);
#3539 = DIRECTION('',(0.,0.,1.));
#3540 = PCURVE('',#3089,#3541);
#3541 = DEFINITIONAL_REPRESENTATION('',(#3542),#3546);
#3542 = LINE('',#3543,#3544);
#3543 = CARTESIAN_POINT('',(6.28318530718,-0.));
#3544 = VECTOR('',#3545,1.);
#3545 = DIRECTION('',(0.,1.));
#3546 = ( GEOMETRIC_REPRESENTATION_CONTEXT(2) 
PARAMETRIC_REPRESENTATION_CONTEXT() REPRESENTATION_CONTEXT('2D SPACE',''
  ) );
#3547 = PCURVE('',#3089,#3548);
#3548 = DEFINITIONAL_REPRESENTATION('',(#3549),#3553);
#3549 = LINE('',#3550,#3551);
#3550 = CARTESIAN_POINT('',(0.,-0.));
#3551 = VECTOR('',#3552,1.);
#3552 = DIRECTION('',(0.,1.));
#3553 = ( GEOMETRIC_REPRESENTATION_CONTEXT(2) 
PARAMETRIC_REPRESENTATION_CONTEXT() REPRESENTATION_CONTEXT('2D SPACE',''
  ) );
#3554 = ORIENTED_EDGE('',*,*,#3555,.T.);
#3555 = EDGE_CURVE('',#3533,#3533,#3556,.T.);
#3556 = SURFACE_CURVE('',#3557,(#3562,#3569),.PCURVE_S1.);
#3557 = CIRCLE('',#3558,1.);
#3558 = AXIS2_PLACEMENT_3D('',#3559,#3560,#3561);
#3559 = CARTESIAN_POINT('',(9.2,9.2,8.8));
#3560 = DIRECTION('',(0.,0.,1.));
#3561 = DIRECTION('',(1.,0.,-0.));
#3562 = PCURVE('',#3089,#3563);
#3563 = DEFINITIONAL_REPRESENTATION('',(#3564),#3568);
#3564 = LINE('',#3565,#3566);
#3565 = CARTESIAN_POINT('',(0.,0.));
#3566 = VECTOR('',#3567,1.);
#3567 = DIRECTION('',(1.,0.));
#3568 = ( GEOMETRIC_REPRESENTATION_CONTEXT(2) 
PARAMETRIC_REPRESENTATION_CONTEXT() REPRESENTATION_CONTEXT('2D SPACE',''
  ) );
#3569 = PCURVE('',#3570,#3575);
#3570 = PLANE('',#3571);
#3571 = AXIS2_PLACEMENT_3D('',#3572,#3573,#3574);
#3572 = CARTESIAN_POINT('',(9.2,9.2,8.8));
#3573 = DIRECTION('',(0.,0.,1.));
#3574 = DIRECTION('',(1.,0.,-0.));
#3575 = DEFINITIONAL_REPRESENTATION('',(#3576),#3580);
#3576 = CIRCLE('',#3577,1.);
#3577 = AXIS2_PLACEMENT_2D('',#3578,#3579);
#3578 = CARTESIAN_POINT('',(0.,0.));
#3579 = DIRECTION('',(1.,0.));
#3580 = ( GEOMETRIC_REPRESENTATION_CONTEXT(2) 
PARAMETRIC_REPRESENTATION_CONTEXT() REPRESENTATION_CONTEXT('2D SPACE',''
  ) );
#3581 = ORIENTED_EDGE('',*,*,#3532,.T.);
#3582 = ADVANCED_FACE('',(#3583),#3196,.F.);
#3583 = FACE_BOUND('',#3584,.F.);
#3584 = EDGE_LOOP('',(#3585,#3614,#3635,#3636));
#3585 = ORIENTED_EDGE('',*,*,#3586,.F.);
#3586 = EDGE_CURVE('',#3587,#3587,#3589,.T.);
#3587 = VERTEX_POINT('',#3588);
#3588 = CARTESIAN_POINT('',(-8.2,-9.2,1.5));
#3589 = SURFACE_CURVE('',#3590,(#3595,#3602),.PCURVE_S1.);
#3590 = CIRCLE('',#3591,1.);
#3591 = AXIS2_PLACEMENT_3D('',#3592,#3593,#3594);
#3592 = CARTESIAN_POINT('',(-9.2,-9.2,1.5));
#3593 = DIRECTION('',(0.,0.,1.));
#3594 = DIRECTION('',(1.,0.,-0.));
#3595 = PCURVE('',#3196,#3596);
#3596 = DEFINITIONAL_REPRESENTATION('',(#3597),#3601);
#3597 = LINE('',#3598,#3599);
#3598 = CARTESIAN_POINT('',(0.,1.5));
#3599 = VECTOR('',#3600,1.);
#3600 = DIRECTION('',(1.,0.));
#3601 = ( GEOMETRIC_REPRESENTATION_CONTEXT(2) 
PARAMETRIC_REPRESENTATION_CONTEXT() REPRESENTATION_CONTEXT('2D SPACE',''
  ) );
#3602 = PCURVE('',#3603,#3608);
#3603 = PLANE('',#3604);
#3604 = AXIS2_PLACEMENT_3D('',#3605,#3606,#3607);
#3605 = CARTESIAN_POINT('',(-9.2,-9.2,1.5));
#3606 = DIRECTION('',(0.,0.,1.));
#3607 = DIRECTION('',(1.,0.,-0.));
#3608 = DEFINITIONAL_REPRESENTATION('',(#3609),#3613);
#3609 = CIRCLE('',#3610,1.);
#3610 = AXIS2_PLACEMENT_2D('',#3611,#3612);
#3611 = CARTESIAN_POINT('',(0.,0.));
#3612 = DIRECTION('',(1.,0.));
#3613 = ( GEOMETRIC_REPRESENTATION_CONTEXT(2) 
PARAMETRIC_REPRESENTATION_CONTEXT() REPRESENTATION_CONTEXT('2D SPACE',''
  ) );
#3614 = ORIENTED_EDGE('',*,*,#3615,.F.);
#3615 = EDGE_CURVE('',#3180,#3587,#3616,.T.);
#3616 = SEAM_CURVE('',#3617,(#3621,#3628),.PCURVE_S1.);
#3617 = LINE('',#3618,#3619);
#3618 = CARTESIAN_POINT('',(-8.2,-9.2,0.));
#3619 = VECTOR('',#3620,1.);
#3620 = DIRECTION('',(0.,0.,1.));
#3621 = PCURVE('',#3196,#3622);
#3622 = DEFINITIONAL_REPRESENTATION('',(#3623),#3627);
#3623 = LINE('',#3624,#3625);
#3624 = CARTESIAN_POINT('',(6.28318530718,-0.));
#3625 = VECTOR('',#3626,1.);
#3626 = DIRECTION('',(0.,1.));
#3627 = ( GEOMETRIC_REPRESENTATION_CONTEXT(2) 
PARAMETRIC_REPRESENTATION_CONTEXT() REPRESENTATION_CONTEXT('2D SPACE',''
  ) );
#3628 = PCURVE('',#3196,#3629);
#3629 = DEFINITIONAL_REPRESENTATION('',(#3630),#3634);
#3630 = LINE('',#3631,#3632);
#3631 = CARTESIAN_POINT('',(0.,-0.));
#3632 = VECTOR('',#3633,1.);
#3633 = DIRECTION('',(0.,1.));
#3634 = ( GEOMETRIC_REPRESENTATION_CONTEXT(2) 
PARAMETRIC_REPRESENTATION_CONTEXT() REPRESENTATION_CONTEXT('2D SPACE',''
  ) );
#3635 = ORIENTED_EDGE('',*,*,#3179,.T.);
#3636 = ORIENTED_EDGE('',*,*,#3615,.T.);
#3637 = ADVANCED_FACE('',(#3638),#3227,.F.);
#3638 = FACE_BOUND('',#3639,.F.);
#3639 = EDGE_LOOP('',(#3640,#3669,#3690,#3691));
#3640 = ORIENTED_EDGE('',*,*,#3641,.F.);
#3641 = EDGE_CURVE('',#3642,#3642,#3644,.T.);
#3642 = VERTEX_POINT('',#3643);
#3643 = CARTESIAN_POINT('',(10.2,-9.2,1.5));
#3644 = SURFACE_CURVE('',#3645,(#3650,#3657),.PCURVE_S1.);
#3645 = CIRCLE('',#3646,1.);
#3646 = AXIS2_PLACEMENT_3D('',#3647,#3648,#3649);
#3647 = CARTESIAN_POINT('',(9.2,-9.2,1.5));
#3648 = DIRECTION('',(0.,0.,1.));
#3649 = DIRECTION('',(1.,0.,-0.));
#3650 = PCURVE('',#3227,#3651);
#3651 = DEFINITIONAL_REPRESENTATION('',(#3652),#3656);
#3652 = LINE('',#3653,#3654);
#3653 = CARTESIAN_POINT('',(0.,1.5));
#3654 = VECTOR('',#3655,1.);
#3655 = DIRECTION('',(1.,0.));
#3656 = ( GEOMETRIC_REPRESENTATION_CONTEXT(2) 
PARAMETRIC_REPRESENTATION_CONTEXT() REPRESENTATION_CONTEXT('2D SPACE',''
  ) );
#3657 = PCURVE('',#3658,#3663);
#3658 = PLANE('',#3659);
#3659 = AXIS2_PLACEMENT_3D('',#3660,#3661,#3662);
#3660 = CARTESIAN_POINT('',(9.2,-9.2,1.5));
#3661 = DIRECTION('',(0.,0.,1.));
#3662 = DIRECTION('',(1.,0.,-0.));
#3663 = DEFINITIONAL_REPRESENTATION('',(#3664),#3668);
#3664 = CIRCLE('',#3665,1.);
#3665 = AXIS2_PLACEMENT_2D('',#3666,#3667);
#3666 = CARTESIAN_POINT('',(0.,0.));
#3667 = DIRECTION('',(1.,0.));
#3668 = ( GEOMETRIC_REPRESENTATION_CONTEXT(2) 
PARAMETRIC_REPRESENTATION_CONTEXT() REPRESENTATION_CONTEXT('2D SPACE',''
  ) );
#3669 = ORIENTED_EDGE('',*,*,#3670,.F.);
#3670 = EDGE_CURVE('',#3211,#3642,#3671,.T.);
#3671 = SEAM_CURVE('',#3672,(#3676,#3683),.PCURVE_S1.);
#3672 = LINE('',#3673,#3674);
#3673 = CARTESIAN_POINT('',(10.2,-9.2,0.));
#3674 = VECTOR('',#3675,1.);
#3675 = DIRECTION('',(0.,0.,1.));
#3676 = PCURVE('',#3227,#3677);
#3677 = DEFINITIONAL_REPRESENTATION('',(#3678),#3682);
#3678 = LINE('',#3679,#3680);
#3679 = CARTESIAN_POINT('',(6.28318530718,-0.));
#3680 = VECTOR('',#3681,1.);
#3681 = DIRECTION('',(0.,1.));
#3682 = ( GEOMETRIC_REPRESENTATION_CONTEXT(2) 
PARAMETRIC_REPRESENTATION_CONTEXT() REPRESENTATION_CONTEXT('2D SPACE',''
  ) );
#3683 = PCURVE('',#3227,#3684);
#3684 = DEFINITIONAL_REPRESENTATION('',(#3685),#3689);
#3685 = LINE('',#3686,#3687);
#3686 = CARTESIAN_POINT('',(0.,-0.));
#3687 = VECTOR('',#3688,1.);
#3688 = DIRECTION('',(0.,1.));
#3689 = ( GEOMETRIC_REPRESENTATION_CONTEXT(2) 
PARAMETRIC_REPRESENTATION_CONTEXT() REPRESENTATION_CONTEXT('2D SPACE',''
  ) );
#3690 = ORIENTED_EDGE('',*,*,#3210,.T.);
#3691 = ORIENTED_EDGE('',*,*,#3670,.T.);
#3692 = ADVANCED_FACE('',(#3693),#3258,.F.);
#3693 = FACE_BOUND('',#3694,.F.);
#3694 = EDGE_LOOP('',(#3695,#3724,#3745,#3746));
#3695 = ORIENTED_EDGE('',*,*,#3696,.F.);
#3696 = EDGE_CURVE('',#3697,#3697,#3699,.T.);
#3697 = VERTEX_POINT('',#3698);
#3698 = CARTESIAN_POINT('',(-8.2,9.2,1.5));
#3699 = SURFACE_CURVE('',#3700,(#3705,#3712),.PCURVE_S1.);
#3700 = CIRCLE('',#3701,1.);
#3701 = AXIS2_PLACEMENT_3D('',#3702,#3703,#3704);
#3702 = CARTESIAN_POINT('',(-9.2,9.2,1.5));
#3703 = DIRECTION('',(0.,0.,1.));
#3704 = DIRECTION('',(1.,0.,-0.));
#3705 = PCURVE('',#3258,#3706);
#3706 = DEFINITIONAL_REPRESENTATION('',(#3707),#3711);
#3707 = LINE('',#3708,#3709);
#3708 = CARTESIAN_POINT('',(0.,1.5));
#3709 = VECTOR('',#3710,1.);
#3710 = DIRECTION('',(1.,0.));
#3711 = ( GEOMETRIC_REPRESENTATION_CONTEXT(2) 
PARAMETRIC_REPRESENTATION_CONTEXT() REPRESENTATION_CONTEXT('2D SPACE',''
  ) );
#3712 = PCURVE('',#3713,#3718);
#3713 = PLANE('',#3714);
#3714 = AXIS2_PLACEMENT_3D('',#3715,#3716,#3717);
#3715 = CARTESIAN_POINT('',(-9.2,9.2,1.5));
#3716 = DIRECTION('',(0.,0.,1.));
#3717 = DIRECTION('',(1.,0.,-0.));
#3718 = DEFINITIONAL_REPRESENTATION('',(#3719),#3723);
#3719 = CIRCLE('',#3720,1.);
#3720 = AXIS2_PLACEMENT_2D('',#3721,#3722);
#3721 = CARTESIAN_POINT('',(0.,0.));
#3722 = DIRECTION('',(1.,0.));
#3723 = ( GEOMETRIC_REPRESENTATION_CONTEXT(2) 
PARAMETRIC_REPRESENTATION_CONTEXT() REPRESENTATION_CONTEXT('2D SPACE',''
  ) );
#3724 = ORIENTED_EDGE('',*,*,#3725,.F.);
#3725 = EDGE_CURVE('',#3242,#3697,#3726,.T.);
#3726 = SEAM_CURVE('',#3727,(#3731,#3738),.PCURVE_S1.);
#3727 = LINE('',#3728,#3729);
#3728 = CARTESIAN_POINT('',(-8.2,9.2,0.));
#3729 = VECTOR('',#3730,1.);
#3730 = DIRECTION('',(0.,0.,1.));
#3731 = PCURVE('',#3258,#3732);
#3732 = DEFINITIONAL_REPRESENTATION('',(#3733),#3737);
#3733 = LINE('',#3734,#3735);
#3734 = CARTESIAN_POINT('',(6.28318530718,-0.));
#3735 = VECTOR('',#3736,1.);
#3736 = DIRECTION('',(0.,1.));
#3737 = ( GEOMETRIC_REPRESENTATION_CONTEXT(2) 
PARAMETRIC_REPRESENTATION_CONTEXT() REPRESENTATION_CONTEXT('2D SPACE',''
  ) );
#3738 = PCURVE('',#3258,#3739);
#3739 = DEFINITIONAL_REPRESENTATION('',(#3740),#3744);
#3740 = LINE('',#3741,#3742);
#3741 = CARTESIAN_POINT('',(0.,-0.));
#3742 = VECTOR('',#3743,1.);
#3743 = DIRECTION('',(0.,1.));
#3744 = ( GEOMETRIC_REPRESENTATION_CONTEXT(2) 
PARAMETRIC_REPRESENTATION_CONTEXT() REPRESENTATION_CONTEXT('2D SPACE',''
  ) );
#3745 = ORIENTED_EDGE('',*,*,#3241,.T.);
#3746 = ORIENTED_EDGE('',*,*,#3725,.T.);
#3747 = ADVANCED_FACE('',(#3748),#3289,.F.);
#3748 = FACE_BOUND('',#3749,.F.);
#3749 = EDGE_LOOP('',(#3750,#3779,#3800,#3801));
#3750 = ORIENTED_EDGE('',*,*,#3751,.F.);
#3751 = EDGE_CURVE('',#3752,#3752,#3754,.T.);
#3752 = VERTEX_POINT('',#3753);
#3753 = CARTESIAN_POINT('',(10.2,9.2,1.5));
#3754 = SURFACE_CURVE('',#3755,(#3760,#3767),.PCURVE_S1.);
#3755 = CIRCLE('',#3756,1.);
#3756 = AXIS2_PLACEMENT_3D('',#3757,#3758,#3759);
#3757 = CARTESIAN_POINT('',(9.2,9.2,1.5));
#3758 = DIRECTION('',(0.,0.,1.));
#3759 = DIRECTION('',(1.,0.,-0.));
#3760 = PCURVE('',#3289,#3761);
#3761 = DEFINITIONAL_REPRESENTATION('',(#3762),#3766);
#3762 = LINE('',#3763,#3764);
#3763 = CARTESIAN_POINT('',(0.,1.5));
#3764 = VECTOR('',#3765,1.);
#3765 = DIRECTION('',(1.,0.));
#3766 = ( GEOMETRIC_REPRESENTATION_CONTEXT(2) 
PARAMETRIC_REPRESENTATION_CONTEXT() REPRESENTATION_CONTEXT('2D SPACE',''
  ) );
#3767 = PCURVE('',#3768,#3773);
#3768 = PLANE('',#3769);
#3769 = AXIS2_PLACEMENT_3D('',#3770,#3771,#3772);
#3770 = CARTESIAN_POINT('',(9.2,9.2,1.5));
#3771 = DIRECTION('',(0.,0.,1.));
#3772 = DIRECTION('',(1.,0.,-0.));
#3773 = DEFINITIONAL_REPRESENTATION('',(#3774),#3778);
#3774 = CIRCLE('',#3775,1.);
#3775 = AXIS2_PLACEMENT_2D('',#3776,#3777);
#3776 = CARTESIAN_POINT('',(0.,0.));
#3777 = DIRECTION('',(1.,0.));
#3778 = ( GEOMETRIC_REPRESENTATION_CONTEXT(2) 
PARAMETRIC_REPRESENTATION_CONTEXT() REPRESENTATION_CONTEXT('2D SPACE',''
  ) );
#3779 = ORIENTED_EDGE('',*,*,#3780,.F.);
#3780 = EDGE_CURVE('',#3273,#3752,#3781,.T.);
#3781 = SEAM_CURVE('',#3782,(#3786,#3793),.PCURVE_S1.);
#3782 = LINE('',#3783,#3784);
#3783 = CARTESIAN_POINT('',(10.2,9.2,0.));
#3784 = VECTOR('',#3785,1.);
#3785 = DIRECTION('',(0.,0.,1.));
#3786 = PCURVE('',#3289,#3787);
#3787 = DEFINITIONAL_REPRESENTATION('',(#3788),#3792);
#3788 = LINE('',#3789,#3790);
#3789 = CARTESIAN_POINT('',(6.28318530718,-0.));
#3790 = VECTOR('',#3791,1.);
#3791 = DIRECTION('',(0.,1.));
#3792 = ( GEOMETRIC_REPRESENTATION_CONTEXT(2) 
PARAMETRIC_REPRESENTATION_CONTEXT() REPRESENTATION_CONTEXT('2D SPACE',''
  ) );
#3793 = PCURVE('',#3289,#3794);
#3794 = DEFINITIONAL_REPRESENTATION('',(#3795),#3799);
#3795 = LINE('',#3796,#3797);
#3796 = CARTESIAN_POINT('',(0.,-0.));
#3797 = VECTOR('',#3798,1.);
#3798 = DIRECTION('',(0.,1.));
#3799 = ( GEOMETRIC_REPRESENTATION_CONTEXT(2) 
PARAMETRIC_REPRESENTATION_CONTEXT() REPRESENTATION_CONTEXT('2D SPACE',''
  ) );
#3800 = ORIENTED_EDGE('',*,*,#3272,.T.);
#3801 = ORIENTED_EDGE('',*,*,#3780,.T.);
#3802 = ADVANCED_FACE('',(#3803),#3350,.T.);
#3803 = FACE_BOUND('',#3804,.F.);
#3804 = EDGE_LOOP('',(#3805));
#3805 = ORIENTED_EDGE('',*,*,#3335,.F.);
#3806 = ADVANCED_FACE('',(#3807),#3405,.T.);
#3807 = FACE_BOUND('',#3808,.F.);
#3808 = EDGE_LOOP('',(#3809));
#3809 = ORIENTED_EDGE('',*,*,#3390,.F.);
#3810 = ADVANCED_FACE('',(#3811),#3460,.T.);
#3811 = FACE_BOUND('',#3812,.F.);
#3812 = EDGE_LOOP('',(#3813));
#3813 = ORIENTED_EDGE('',*,*,#3445,.F.);
#3814 = ADVANCED_FACE('',(#3815),#3493,.T.);
#3815 = FACE_BOUND('',#3816,.T.);
#3816 = EDGE_LOOP('',(#3817));
#3817 = ORIENTED_EDGE('',*,*,#3476,.T.);
#3818 = ADVANCED_FACE('',(#3819),#3570,.T.);
#3819 = FACE_BOUND('',#3820,.F.);
#3820 = EDGE_LOOP('',(#3821));
#3821 = ORIENTED_EDGE('',*,*,#3555,.F.);
#3822 = ADVANCED_FACE('',(#3823),#3603,.F.);
#3823 = FACE_BOUND('',#3824,.F.);
#3824 = EDGE_LOOP('',(#3825));
#3825 = ORIENTED_EDGE('',*,*,#3586,.T.);
#3826 = ADVANCED_FACE('',(#3827),#3658,.F.);
#3827 = FACE_BOUND('',#3828,.F.);
#3828 = EDGE_LOOP('',(#3829));
#3829 = ORIENTED_EDGE('',*,*,#3641,.T.);
#3830 = ADVANCED_FACE('',(#3831),#3713,.F.);
#3831 = FACE_BOUND('',#3832,.F.);
#3832 = EDGE_LOOP('',(#3833));
#3833 = ORIENTED_EDGE('',*,*,#3696,.T.);
#3834 = ADVANCED_FACE('',(#3835),#3768,.F.);
#3835 = FACE_BOUND('',#3836,.F.);
#3836 = EDGE_LOOP('',(#3837));
#3837 = ORIENTED_EDGE('',*,*,#3751,.T.);
#3838 = ( GEOMETRIC_REPRESENTATION_CONTEXT(3) 
GLOBAL_UNCERTAINTY_ASSIGNED_CONTEXT((#3842)) 
GLOBAL_UNIT_ASSIGNED_CONTEXT((#3839,#3840,#3841)) REPRESENTATION_CONTEXT
('Context #1','3D Context with UNIT and UNCERTAINTY') );
#3839 = ( LENGTH_UNIT() NAMED_UNIT(*) SI_UNIT(.MILLI.,.METRE.) );
#3840 = ( NAMED_UNIT(*) PLANE_ANGLE_UNIT() SI_UNIT($,.RADIAN.) );
#3841 = ( NAMED_UNIT(*) SI_UNIT($,.STERADIAN.) SOLID_ANGLE_UNIT() );
#3842 = UNCERTAINTY_MEASURE_WITH_UNIT(LENGTH_MEASURE(1.E-07),#3839,
  'distance_accuracy_value','confusion accuracy');
#3843 = CONTEXT_DEPENDENT_SHAPE_REPRESENTATION(#3844,#3846);
#3844 = ( REPRESENTATION_RELATIONSHIP('','',#2697,#10) 
REPRESENTATION_RELATIONSHIP_WITH_TRANSFORMATION(#3845) 
SHAPE_REPRESENTATION_RELATIONSHIP() );
#3845 = ITEM_DEFINED_TRANSFORMATION('','',#11,#19);
#3846 = PRODUCT_DEFINITION_SHAPE('Placement','Placement of an item',
  #3847);
#3847 = NEXT_ASSEMBLY_USAGE_OCCURRENCE('2','camera','',#5,#2692,$);
#3848 = PRODUCT_RELATED_PRODUCT_CATEGORY('part',$,(#2694));
#3849 = SHAPE_DEFINITION_REPRESENTATION(#2687,#3850);
#3850 = SHAPE_REPRESENTATION('',(#15),#2679);
#3851 = SHAPE_DEFINITION_REPRESENTATION(#3846,#3852);
#3852 = SHAPE_REPRESENTATION('',(#19),#3838);
#3853 = SHAPE_DEFINITION_REPRESENTATION(#2687,#3854);
#3854 = SHAPE_REPRESENTATION('',(#15),#2679);
#3855 = SHAPE_DEFINITION_REPRESENTATION(#3846,#3856);
#3856 = SHAPE_REPRESENTATION('',(#19),#3838);
#3857 = MECHANICAL_DESIGN_GEOMETRIC_PRESENTATION_REPRESENTATION('',(
    #3858,#3868),#2679);
#3858 = STYLED_ITEM('color',(#3859),#37);
#3859 = PRESENTATION_STYLE_ASSIGNMENT((#3860,#3866));
#3860 = SURFACE_STYLE_USAGE(.BOTH.,#3861);
#3861 = SURFACE_SIDE_STYLE('',(#3862));
#3862 = SURFACE_STYLE_FILL_AREA(#3863);
#3863 = FILL_AREA_STYLE('',(#3864));
#3864 = FILL_AREA_STYLE_COLOUR('',#3865);
#3865 = COLOUR_RGB('',0.199999998682,0.500000003429,0.899999998185);
#3866 = CURVE_STYLE('',#3867,POSITIVE_LENGTH_MEASURE(0.1),#3865);
#3867 = DRAUGHTING_PRE_DEFINED_CURVE_FONT('continuous');
#3868 = OVER_RIDING_STYLED_ITEM('overriding color',(#3869),#37,#3858);
#3869 = PRESENTATION_STYLE_BY_CONTEXT((#3870,#3876),#3854);
#3870 = SURFACE_STYLE_USAGE(.BOTH.,#3871);
#3871 = SURFACE_SIDE_STYLE('',(#3872));
#3872 = SURFACE_STYLE_FILL_AREA(#3873);
#3873 = FILL_AREA_STYLE('',(#3874));
#3874 = FILL_AREA_STYLE_COLOUR('',#3875);
#3875 = COLOUR_RGB('',0.199999998682,0.500000003429,0.899999998185);
#3876 = CURVE_STYLE('',#3877,POSITIVE_LENGTH_MEASURE(0.1),#3875);
#3877 = DRAUGHTING_PRE_DEFINED_CURVE_FONT('continuous');
#3878 = MECHANICAL_DESIGN_GEOMETRIC_PRESENTATION_REPRESENTATION('',(
    #3879,#3889),#3838);
#3879 = STYLED_ITEM('color',(#3880),#2698);
#3880 = PRESENTATION_STYLE_ASSIGNMENT((#3881,#3887));
#3881 = SURFACE_STYLE_USAGE(.BOTH.,#3882);
#3882 = SURFACE_SIDE_STYLE('',(#3883));
#3883 = SURFACE_STYLE_FILL_AREA(#3884);
#3884 = FILL_AREA_STYLE('',(#3885));
#3885 = FILL_AREA_STYLE_COLOUR('',#3886);
#3886 = COLOUR_RGB('',0.120000001395,0.120000001395,0.139999997847);
#3887 = CURVE_STYLE('',#3888,POSITIVE_LENGTH_MEASURE(0.1),#3886);
#3888 = DRAUGHTING_PRE_DEFINED_CURVE_FONT('continuous');
#3889 = OVER_RIDING_STYLED_ITEM('overriding color',(#3890),#2698,#3879);
#3890 = PRESENTATION_STYLE_BY_CONTEXT((#3891,#3897),#3856);
#3891 = SURFACE_STYLE_USAGE(.BOTH.,#3892);
#3892 = SURFACE_SIDE_STYLE('',(#3893));
#3893 = SURFACE_STYLE_FILL_AREA(#3894);
#3894 = FILL_AREA_STYLE('',(#3895));
#3895 = FILL_AREA_STYLE_COLOUR('',#3896);
#3896 = COLOUR_RGB('',0.120000001395,0.120000001395,0.139999997847);
#3897 = CURVE_STYLE('',#3898,POSITIVE_LENGTH_MEASURE(0.1),#3896);
#3898 = DRAUGHTING_PRE_DEFINED_CURVE_FONT('continuous');
ENDSEC;
END-ISO-10303-21;
